122.42,2970.84,0,737.6568,3712.63,977.23
0,0,0,0,0,0
0,0,0,0,0,0
0,0,0,0,0,0
0,0,0,0,0,0
0,0,0,0,0,0
0,0,0,0,0,0
0,12.3,0,1.068,0.1,0.08
0,0,0,0,0,0
0,0,0,0,0,0
0,0,0,0,0,0
0,0,0,0,0,0
0,0,0,0,0,0
0,0,0,0,0,0
0,0,0,0,0,0
0,0,0,0,0,0
0,0,0,0,0,0
0,0,0,0,0,0
0,0,0,0,0,0
0,150.2,0,77.9,7,24.9
0,0,0,0,0,0
0,0,0,0,0,0
0,0,0,0,0,0
47.22,1279.02,0,140.479,62.543,219.498
0,0,0,0,0,0
0,0,0,0,0,0
25.47,1790.71,0,345.395,972.128,886.694
3.09706,861,0,34,4036,6
0,0,0,0,0,0
0,0,0,0,0,0
0,0,0,0,0,0
0,0,0,0,0,0
0,0,0,0,0,0
0,0,0,0,0,0
0,0,0,0,0,0
0,0,0,0,0,0
16.045,837.63791,0,1190.646761803,632.87203,437.06541
0,0,0,0,0,0
0,0,0,0,0,0
0,0,0,0,0,0
59.69,416.7,0,184.42368,21.404,84.2264
0,0,0,0,0,0
0,0,0,0,0,0
0,0,0,0,0,0
0,0,0,0,0,0
66,897.3,0,326.36,238.57,99.06
0,0,0,0,0,0
0,0,0,0,0,0
58.5,4462.3242,0,507.7167359902,759.300105,229.14391
139.8,1954.8,0,642.602323,115.8,409.07
0,0,0,0,0,0
0,0,0,0,0,0
0,0,0,0,0,0
0,0,0,0,0,0
0,0,0,0,0,0
0,0,0,0,0,0
0,1258.8414,0,172.47666,3071.0229,83.1858
0,0,0,0,0,0
0.068721,3988.6572,0,199.0746644909,10241.7287352,68.788
0,0,0,0,0,0
41,680.03,0,165.557,349.084,265.3521
64.28,155.09,0,98.729,10.52,36.37
0,246.682,0,62.008462,137.554,6.854
0,0,0,0,0,0
43.78526,4210,0,369.8802,4550,64.83586
46.22,1428.05,0,394.35,1168.25,1238.08
0,0,0,0,0,0
170.8188,13194.842645,0,2487.71761352,7129.15724063,291.97336523
26.0156,5976.043444492,0,103.28245383,4811.900075876,54.331310215
0,1054.45394093,0,13.675650000135,1.8922908000135,27.1107210000135
0,60.171,0,125.8312,17432.5911,3.1103
0,0,0,0,0,0
0,0,0,0,0,0
0,0,0,0,0,0
190.6544,1313.32593,0,142.673184,45.40493,82.9867
0,0,0,0,0,0
0,0,0,0,0,0
11.3068,1329.178,0,99.017329,1091.652,20.8102
10.61483,72.0188525,0,24.927631958,3.5871352,14.4696008
0,0.8749422,0,0.0324124136,0.01494835,0.0226812232
0,0,0,0,0,0
0,23.43112,0,2.006465,0.0806223,0.705332
0,0,0,0,0,0
0,0,0,0,0,0
0,0,0,0,0,0
0,0,0,0,0,0
0,0,0,0,0,0
0,0,0,0,0,0
0,0,0,0,0,0
0,0,0,0,0,0
0,0,0,0,0,0
0,0,0,0,0,0
0,0,0,0,0,0
0,0,0,0,0,0
0,0,0,0,0,0
0,0,0,0,0,0
0,0,0,0,0,0
0,0,0,0,0,0
0,0,0,0,0,0
0,0,0,0,0,0
0,0,0,0,0,0
0,0,0,0,0,0
4.93,834.1716079,0,93.6840288717,90.13041262176,848.8000067713
0,0,0,0,0,0
0,0,0,0,0,0
0.827356,12.48113245,0,0.887570778,0.10130176,0.4370982664
0,0,0,0,0,0
0,0,0,0,0,0
0,0,0,0,0,0
0,0,0,0,0,0
1.2514,726.738,0,30.414135,899.3212,9.1239889
8.27689,49.247533,0,37.71406786,2.75368436,24.57783024
0,0,0,0,0,0
0,0,0,0,0,0
0,0,0,0,0,0
0,0,0,0,0,0
109.95429,1662.23194,0,130.929202,1080.713528,2513.01949
0,0,0,0,0,0
0,0,0,0,0,0
0,0,0,0,0,0
0,0,0,0,0,0
0,0,0,0,0,0
0,1568.58558,0,17.0234321752,321.0410844,120.19394791
0,0,0,0,0,0
0,0,0,0,0,0
0,0,0,0,0,0
0,0,0,0,0,0
0,0,0,0,0,0
183.08076,1289.89716,0,85.3182,2549.8849819,9.3816582
0,0,0,0,0,0
0,0,0,0,0,0
0,0,0,0,0,0
0,0,0,0,0,0
2.17986,170.10812168,0,5.675128609,1.3772344421,5.5445282
0,0,0,0,0,0
0,0,0,0,0,0
0,0,0,0,0,0
0,0,0,0,0,0
0,0,0,0,0,0
0,27.4876,0,19.45766082,0.117704,79.650749
0,0,0,0,0,0
0,0,0,0,0,0
0,0,0,0,0,0
0,0,0,0,0,0
0,0,0,0,0,0
0,0,0,0,0,0
0,0,0,0,0,0
0,0,0,0,0,0
0,0,0,0,0,0
0,0,0,0,0,0
0,0,0,0,0,0
29.59346,343.3437119,0,18.58020991,14.1400153636,10.74866832
0,0,0,0,0,0
0,18.82559,0,1.29571,0.1265051,0.4417847
0,0,0,0,0,0
0,3.4595678,0,0.105083672,0.012826257,1.6843561
0,0,0,0,0,0
0,0,0,0,0,0
0,0,0,0,0,0
0,0,0,0,0,0
0,0,0,0,0,0
0,0,0,0,0,0
0,0,0,0,0,0
13.239539,113.539067,0,13.900009,6.178449,4.8913842
0,0,0,0,0,0
0,0,0,0,0,0
0.310403,0.746412,0,0.410108,0.01100717,0.1196344
0,0,0,0,0,0
0,0,0,0,0,0
0.98321,5.09648,0,1.1158948,0,0.1925703
28.6960335,35.11,0,112.671865,0.013721,0
141.5979,382.7198192998,0,175.8086399624,27.14995736,47.743719042
0,0,0,0,0,0
586.27547204,6.5023,0,41.1059,1.4702,43.2913522
0,0,0,0,0,0
0,0,0,0,0,0
0,0,0,0,0,0
0,0,0,0,0,0
0,0,0,0,0,0
0,0,0,0,0,0
0,0,0,0,0,0
0,0,0,0,0,0
0,0,0,0,0,0
13.0145,64.901,0,2.78427,0.315764,0.99562
0,0,0,0,0,0
0,0,0,0,0,0
0,0,0,0,0,0
0,0,0,0,0,0
0,0,0,0,0,0
0,0,0,0,0,0
13.392827,102.1362,0,47.5633251,2.9925,10.6203934
0,0,0,0,0,0
69.775172,452.813672,0,159.2262935,232.948734486,9.0581369
0,0,0,0,0,0
0,0,0,0,0,0
0,0,0,0,0,0
0,13.09721,0,3.3677063,0.2950569,2.2283386
0,0,0,0,0,0
0,0,0,0,0,0
1.2912187,11.686722,0,3.241998658,0.3759161,0.7100039
0,0,0,0,0,0
0,0,0,0,0,0
0,0,0,0,0,0
0,0,0,0,0,0
0,0,0,0,0,0
416.471,0.74,0,13.7088,0.626,190.693
0.438927,1.17997225,0,0.162156995,0.029717,0.06793645
0,0,0,0,0,0
0,0,0,0,0,0
0,0,0,0,0,0
0,0,0,0,0,0
0,0,0,0,0,0
19.34898,12.7036,0,2.9897736,0.7182,1.7339
0,0,0,0,0,0
0,0,0,0,0,0
22.72157,5409.09392,0,63.995804,2781.000008,48.417389
0,32.98,0,0.19,0.45,0.21
0,0,0,0,0,0
0,0,0,0,0,0
0,0,0,0,0,0
0,0,0,0,0,0
7.68801,3120.056196,0,65.597003,912.927683,20.04183
0,0,0,0,0,0
0,0,0,0,0,0
0,0,0,0,0,0
0,0,0,0,0,0
0,0,0,0,0,0
0,0,0,0,0,0
0,0,0,0,0,0
0,0,0,0,0,0
0.683494,49.4,0,0.401,0.1,1.202
0,0,0,0,0,0
0,0,0,0,0,0
0,0,0,0,0,0
0,0,0,0,0,0
79.176418,3929.7515,0,66.353629,6772.604047,100.155585
86.5295,1173.78,0,34.388361,264.93,137
0,0,0,0,0,0
0,0,0,0,0,0
0,0,0,0,0,0
0,0,0,0,0,0
0,0,0,0,0,0
0,0,0,0,0,0
0,0,0,0,0,0
0,0.21,0,0.01,0,0.02
0,0,0,0,0,0
0,17.30152,0,0.220021,0.5,0.0081
0,0,0,0,0,0
0,0,0,0,0,0
0,0,0,0,0,0
0,0,0,0,0,0
0,22.2,0,4.3,0.6,0.2
0,0,0,0,0,0
0,2.004,0,0.082568,0.3375,0.12
0,0,0,0,0,0
0,0,0,0,0,0
0,0,0,0,0,0
3.59476,767.4,0,21.73882,806.57,5.82
0,0,0,0,0,0
0,0,0,0,0,0
0,0,0,0,0,0
0,0,0,0,0,0
0,0,0,0,0,0
0,0,0,0,0,0
0,0,0,0,0,0
34.4495,916.2087,0,124.934,12.75865,44.26847
0,0,0,0,0,0
0,0,0,0,0,0
0,0,0,0,0,0
0,0,0,0,0,0
0,0,0,0,0,0
0,0,0,0,0,0
0,0,0,0,0,0
0,0,0,0,0,0
0,0,0,0,0,0
0,0,0,0,0,0
88.7063,627.363,0,113.31906,17.092,20.8905
0,0,0,0,0,0
54.243033,763.8907579,0,47.49524822,927.856224871993,22.23462589
0.070484,22.760851,0,2.32825128,0.0895704485,0.50153685
0,7.14922,0,0.000734781,0.0001002877,0.00452784
6.433396,68.70512,0,49.85936,6.186446,2.334834
22.011384004,113.563694,0,47.464930569,7.0559529344,17.158888886
0.0865909,21.9975705,0,0.47921659,0.971336365,0.539892241
0,0,0,0,0,0
64.1,142.996262,0,67.21424625,10.01947285,13.6284294
4.731473105,71.524824,0,8.86510916,2.3785429708,27.41746948088
109.3953376545,3197.11576,0,202.9327777,585.407341,421.192096154
0,0,0,0,0,0
0,0,0,0,0,0
0.187,1990.968026,0,78.62191884,1162.907448,30.956954
0,0,0,0,0,0
151.200956,4218.601115,0,794.170773365,8003.02044,775.161589
0,0,0,0,0,0
0,22.997209,0,2.22873678,0.28055,3.995361
118.7428,2516.219544,0,238.098160406,202.270344,7.839447
0,0,0,0,0,0
0,0,0,0,0,0
0,0,0,0,0,0
0,0,0,0,0,0
0,0,0,0,0,0
0,0,0,0,0,0
0,0,0,0,0,0
0,0,0,0,0,0
0,0,0,0,0,0
11.600405,1291.168825,0,106.1005989497,743.636131,79.247368
0,0,0,0,0,0
0,0,0,0,0,0
0,0,0,0,0,0
0,0,0,0,0,0
0,0,0,0,0,0
0,0,0,0,0,0
0,0,0,0,0,0
0,0,0,0,0,0
11.1646598,294.28,0,17.153368348,1.20679,7.534716
0,0,0,0,0,0
1.398729,981.96885,0,38.802549854,71.96915,22.87523
0.290296,6.5,0,0.161442,0.1,0.043625
31.35953,372.228064,0,306.17943609,15.18782,169.007768
0,0,0,0,0,0
0,0,0,0,0,0
0.346201,126.759411,0,10.0185274,721.469355,0.849287
0,0,0,0,0,0
0,0,0,0,0,0
0,0,0,0,0,0
0,0,0,0,0,0
0,0,0,0,0,0
0,0,0,0,0,0
0,0,0,0,0,0
0,0,0,0,0,0
0,0,0,0,0,0
0,0,0,0,0,0
96.169448,1414.787482,0,277.921529783,730.154042,87.956104
0,0,0,0,0,0
75.396,2984.12235,0,459.84764,3477.17,590.0546
0,0,0,0,0,0
0,0,0,0,0,0
22.938062,190.084115,0,46.142109,2.279531,11.157614
14.661828,123.9527,0,19.374394152,1.1624,4.403735
271.808598,1697.198065,0,1103.013024771,307.050875,124.541
20.81231,112.28,0,11.4296,1.9853,0.401
2.525906,884.289655,0,176.71767764,18.412724,14.756257
164.45869,1778.255312,0,515.27241591,2186.104856,120.785304
21.14325,980.7639,0,42.39570366,4.354571,8.221178
0,0,0,0,0,0
1.402372,35.75879,0,44.81083,3.899998,13.7959
0,59.511521,0,11.67414689,1.064966,3.715055
0,0,0,0,0,0
0,0,0,0,0,0
0,564.575,0,40.12754,2.9289,34.487
0,0,0,0,0,0
0,0,0,0,0,0
0,0,0,0,0,0
233.039977,1218.982077,0,327.63067552,31.119213,2.313081
32.405683,158.484297,0,32.255132,3.11189,11.05296
0,0,0,0,0,0
0,0,0,0,0,0
0,0,0,0,0,0
0,0,0,0,0,0
0,0,0,0,0,0
0,0,0,0,0,0
0,0,0,0,0,0
0,0,0,0,0,0
0,0,0,0,0,0
0,0,0,0,0,0
0,0,0,0,0,0
0,0,0,0,0,0
96.3964,1314.194,0,329.95967309,620.0886,840.7147
0,0,0,0,0,0
0,0,0,0,0,0
0,0,0,0,0,0
0,0,0,0,0,0
0,0,0,0,0,0
0,39.7177,0,0.5444,1.4833,0.0362
0,0,0,0,0,0
0,0,0,0,0,0
0,0,0,0,0,0
0,0,0,0,0,0
0,0,0,0,0,0
0,0,0,0,0,0
0,0,0,0,0,0
90.2078665,5365.6684,0,264.482989,13262.876,1009.559
0,0,0,0,0,0
0,0,0,0,0,0
0,0,0,0,0,0
0,0,0,0,0,0
0,0,0,0,0,0
0,0,0,0,0,0
0,0,0,0,0,0
0,0,0,0,0,0
0,0,0,0,0,0
0,0,0,0,0,0
0,0,0,0,0,0
0,0,0,0,0,0
0,0,0,0,0,0
0,0,0,0,0,0
0,0,0,0,0,0
0,0,0,0,0,0
0,0,0,0,0,0
0,0,0,0,0,0
0,0,0,0,0,0
0,0,0,0,0,0
0,0,0,0,0,0
0.5041,296.379,0,8.7704,782.414,1.001
0,0,0,0,0,0
0,0,0,0,0,0
0,0,0,0,0,0
220.63638,1751.7285,0,440.43550658,4392.0524,421.1562
0,0,0,0,0,0
0,0,0,0,0,0
0,0,0,0,0,0
0,0,0,0,0,0
0,0,0,0,0,0
64.301,1956.041,0,392.17446,2355.731,511.94
0,0,0,0,0,0
0,0,0,0,0,0
0,0,0,0,0,0
0,0,0,0,0,0
0,0,0,0,0,0
0.2262063,36.797,0,4.34388,145.879,0.254
0,0,0,0,0,0
0,0,0,0,0,0
0,0,0,0,0,0
0,0,0,0,0,0
0,0,0,0,0,0
0,0,0,0,0,0
0,0,0,0,0,0
0,0,0,0,0,0
0,0,0,0,0,0
0,16.4,0,0,2.81,0
208.24,478.9307,0,301.265733,23.4618,80.3885
0,0,0,0,0,0
0.755,47.1,0,13.159,1.83,5.576
0,0,0,0,0,0
0,84.0895,0,7.7295126,4.7031,4.628
0,0,0,0,0,0
0,0,0,0,0,0
0,0,0,0,0,0
0,0,0,0,0,0
0,0,0,0,0,0
0,0,0,0,0,0
0,0,0,0,0,0
0,0,0,0,0,0
0,0,0,0,0,0
0,0,0,0,0,0
0,0,0,0,0,0
0,0,0,0,0,0
0,0,0,0,0,0
18.7,1036.0026,0,146.1333,529.6432,520.2644
0,0,0,0,0,0
0,0,0,0,0,0
0,0,0,0,0,0
164.25,989.565,0,330.155688,39.574,702.199
0,0,0,0,0,0
0,0,0,0,0,0
0,0,0,0,0,0
0,0,0,0,0,0
0,159.5955,0,50.442,1.2286,99.243
0,6.875,0,7.488,0,0
0,0,0,0,0,0
0,0,0,0,0,0
103.7,101.23,0,59.37,4.82,43.12
0,0,0,0,0,0
0,0,0,0,0,0
0,0,0,0,0,0
0,0,0,0,0,0
0,0,0,0,0,0
0,0,0,0,0,0
0,0,0,0,0,0
0,0,0,0,0,0
0,0,0,0,0,0
0,54.1,0,0,0,0
0,0,0,0,0,0
0,0,0,0,0,0
0,0,0,0,0,0
0,0,0,0,0,0
0,0,0,0,0,0
0,0,0,0,0,0
0,0,0,0,0,0
0,0,0,0,0,0
0,0,0,0,0,0
0,0,0,0,0,0
0,0,0,0,0,0
0,0,0,0,0,0
0,0,0,0,0,0
0,0,0,0,0,0
0,41.6,0,30.87,1.02,11.58
0,0,0,0,0,0
0,0,0,0,0,0
0,0,0,0,0,0
0,0,0,0,0,0
0,0,0,0,0,0
0,0,0,0,0,0
0,0,0,0,0,0
0,0,0,0,0,0
0,0,0,0,0,0
0,0,0,0,0,0
0,0,0,0,0,0
0,0,0,0,0,0
0,0,0,0,0,0
0,0,0,0,0,0
0,89.0008,0,9.370524,3.0034,5.6082
0,0,0,0,0,0
0,86.4,0,3.23,1.37,0.38
0,0,0,0,0,0
0,0,0,0,0,0
0,14.8,0,3.63,0.012,0.63
125.3765,1557.7574,0,505.31307572,228.6634,1404.2458
0,0,0,0,0,0
0,0,0,0,0,0
0,0,0,0,0,0
0,0,0,0,0,0
0,0,0,0,0,0
0,0,0,0,0,0
0,0,0,0,0,0
0,0,0,0,0,0
0,25.16714,0,0.824427,0.24369,0.1503326
0,0,0,0,0,0
0,0,0,0,0,0
0,13.94565,0,0.473982,0.13987,0.086286
0,0,0,0,0,0
0,0,0,0,0,0
0,0,0,0,0,0
0,0,0,0,0,0
0,0,0,0,0,0
0,0,0,0,0,0
0,2.4892,0,0.0203581,0.025781,0.143574
0,0,0,0,0,0
0,0,0,0,0,0
0,0,0,0,0,0
0,0,0,0,0,0
0,0,0,0,0,0
0,0,0,0,0,0
0,0,0,0,0,0
0,0,0,0,0,0
0,35.2371382,0,4.49151752,0.21300074,1.43601586
0,0,0,0,0,0
0,0,0,0,0,0
0,0,0,0,0,0
0,0,0,0,0,0
0,0,0,0,0,0
0,0,0,0,0,0
0,0,0,0,0,0
0,70.81354,0,1.380117,0.9252684,2.35876
0,0,0,0,0,0
0,0,0,0,0,0
0,0,0,0,0,0
0,0,0,0,0,0
0,0,0,0,0,0
0,0,0,0,0,0
76.72066,1237.27427,0,190.265099,42.2167399,300.9438405
0,0,0,0,0,0
0,0,0,0,0,0
0,25.84638,0,24.59588,2.307832,7.584024
0,0,0,0,0,0
0,0,0,0,0,0
0,0,0,0,0,0
194.331,797.69166,0,139.716683,1081.9414354,73.239745
0,0,0,0,0,0
0,0,0,0,0,0
0,0,0,0,0,0
0,0,0,0,0,0
0,0,0,0,0,0
0,0,0,0,0,0
0,0,0,0,0,0
0,0,0,0,0,0
0,0,0,0,0,0
0,0,0,0,0,0
0,0,0,0,0,0
0,0,0,0,0,0
0,0,0,0,0,0
0,0,0,0,0,0
0,0.552885,0,0.1768,0.0117,0.1768
0,0,0,0,0,0
0,0,0,0,0,0
0.173326,706.291578,0,454.05272806,1679.302052,514.969814
30.022642,1296.047781,0,233.710408,201.904377,1198.601742
0,0,0,0,0,0
0,0,0,0,0,0
0,0,0,0,0,0
0.282302,950.855825,0,50.9416869848,9677.337125,5.580165
0,16.123075,0,1.35400295,0.060373,0.259985
0,0,0,0,0,0
0,0,0,0,0,0
0,0,0,0,0,0
0,0,0,0,0,0
0,7.46316,0,0.97106,0.0532,0.44106
0,0,0,0,0,0
0,0,0,0,0,0
0,0,0,0,0,0
0,0,0,0,0,0
0,0,0,0,0,0
0,0,0,0,0,0
0,0,0,0,0,0
0,0,0,0,0,0
0,0,0,0,0,0
0,0,0,0,0,0
0,0,0,0,0,0
0,34.463725,0,2.18296,0.261335,2.594995
0,0,0,0,0,0
0,0,0,0,0,0
0,0,0,0,0,0
0,0,0,0,0,0
0,0,0,0,0,0
0,28.51929,0,4.423639,0,1.723093
0,0.03218,0,0.000925966,0.00322,0.00094
28.83008,133.328436,0,53.116478,5.030531,77.056516
0,0,0,0,0,0
0.507571,1629.2496,0,222.241517,7684.9616,1.682167
0,0,0,0,0,0
0,0,0,0,0,0
0,0,0,0,0,0
0,0,0,0,0,0
0,0,0,0,0,0
0,0,0,0,0,0
0.07775,2.56317,0,5.53957008824,0.021904,7.274747
0,0,0,0,0,0
0,0,0,0,0,0
0,0,0,0,0,0
0.782935,4534.211072,0,341.341339,8339.569699,1576.494027
0,1.39818,0,0.19397,0.01057,0.0882
0,0,0,0,0,0
0,0,0,0,0,0
0,0,0,0,0,0
0,0,0,0,0,0
0,0,0,0,0,0
0,0,0,0,0,0
0,0,0,0,0,0
0,0,0,0,0,0
0,0,0,0,0,0
0,0,0,0,0,0
0,0,0,0,0,0
0,13.304375,0,1.257314,0.203106,0.89651
0,0.01497,0,0.00539,0.00036,0.00539
0,0,0,0,0,0
0,0,0,0,0,0
0,0,0,0,0,0
0.4175,1366.137335,0,22.39079,3960.8816,31.123452
0,0,0,0,0,0
0,0,0,0,0,0
1.23068,9.137009,0,0.937409,0.145625,1.445313
0,0,0,0,0,0
0,0,0,0,0,0
0,9.49043,0,2.541188,1.54935,0.336975
0,0,0,0,0,0
0,0,0,0,0,0
0.08758,32.841528,0,12.551361,0.768605,0.388879
0,0,0,0,0,0
0,0,0,0,0,0
0,0,0,0,0,0
0,0,0,0,0,0
0,0,0,0,0,0
0,0,0,0,0,0
0,0,0,0,0,0
0.085785,2808.732,0,443.4915,5696.086,23.45648
0,0,0,0,0,0
0.00586,4.852521,0,0.32353533,0.319098,0.385115
0,0,0,0,0,0
0.074807,131.402062,0,17.307626,1.645954,5.434463
0.13618,3510.202455,0,52.9786174,8650.85727,52.31171
0,20.55179,0,2.442865,0.270975,0.888365
0,0,0,0,0,0
0,0,0,0,0,0
0,0,0,0,0,0
0,0,0,0,0,0
0,0,0,0,0,0
0,0,0,0,0,0
0,0,0,0,0,0
0,0,0,0,0,0
0,0,0,0,0,0
0,0,0,0,0,0
0,0,0,0,0,0
0,0,0,0,0,0
0,0,0,0,0,0
0,0,0,0,0,0
0,0,0,0,0,0
23.99054,177.1235,0,77.82713,7.187933,2.046001
0,0,0,0,0,0
0,0,0,0,0,0
0,0,0,0,0,0
0,0,0,0,0,0
0,0,0,0,0,0
0,2.4,0,0.01299596,0.89236,0.00038244
0,0,0,0,0,0
0,0,0,0,0,0
0,0,0,0,0,0
0,0,0,0,0,0
0,0,0,0,0,0
0,0,0,0,0,0
0.4246774,3.033824,0,0.31499028,0.0302132,0.1007258
0,0,0,0,0,0
0,0,0,0,0,0
0,0,0,0,0,0
0,0,0,0,0,0
1.664256,27.4,0,4.49915,0.1898208,0.664373
0,0,0,0,0,0
0,0,0,0,0,0
0,0,0,0,0,0
0,0,0,0,0,0
0,0,0,0,0,0
0,0,0,0,0,0
0,0,0,0,0,0
0,0,0,0,0,0
2.320361,43.8,0,3.471804,0.1798862,0.647591
0,0,0,0,0,0
0,0,0,0,0,0
203.43145235,8446.78927533,0,4788.16011336,12244.52854872,1797.31551467
0,0,0,0,0,0
1.62617,13.9,0,1.19729,0.10722,0.37527
0,0,0,0,0,0
6.57544913,697.172834,0,37.14821074,811.38097765,18.31175128
0,0,0,0,0,0
0,0,0,0,0,0
0,0,0,0,0,0
0,0,0,0,0,0
4.779788,327.316739,0,215.0332383,214.823084,77.56549726
0.22081675,1265.127,0,404.2899379,7959.0098,11.47097
0,0,0,0,0,0
0,0,0,0,0,0
0,0,0,0,0,0
0,0,0,0,0,0
0,0,0,0,0,0
0,0,0,0,0,0
0,0,0,0,0,0
0.1791393,728.034,0,84.401068,8549.74277,8.9633324
2.353758,58.40007,0,62.022068,58.4244293,32.497654
0,0,0,0,0,0
0,0,0,0,0,0
0,1317.90759,0,114.8216406,174.627146,7.290527
0,0,0,0,0,0
0,0,0,0,0,0
0,0,0,0,0,0
0,0,0,0,0,0
0,0,0,0,0,0
0,0,0,0,0,0
0,0,0,0,0,0
0,0,0,0,0,0
0,0,0,0,0,0
0,0,0,0,0,0
0,0,0,0,0,0
0,0,0,0,0,0
0,0,0,0,0,0
0,0,0,0,0,0
0,0,0,0,0,0
1.0587958,6.390009,0,1.23740133,0.11067297,0.38971876
63.72955775,486.05184135,0,144.33579151,391.14618603,43.29071761
0,0,0,0,0,0
0,0,0,0,0,0
0,0,0,0,0,0
0,0,0,0,0,0
0.378062,91.994444,0,56.2305376,1157.80447694,0.8065907
0,0,0,0,0,0
0,0,0,0,0,0
0,154.25727,0,64.287113,146.889275,39.038998
0,0,0,0,0,0
0,0,0,0,0,0
0,0,0,0,0,0
0,0,0,0,0,0
0,2.4056,0,0.16,0.18,0.02
0,0,0,0,0,0
0,58.8,0,1.41,0.23,0.46
0,0,0,0,0,0
0,0,0,0,0,0
0,0,0,0,0,0
0,0,0,0,0,0
0,0,0,0,0,0
0,0,0,0,0,0
0,0,0,0,0,0
0,0,0,0,0,0
0,0,0,0,0,0
11.63745,66.03119,0,18.166431,2.01849,0.210558
0,0,0,0,0,0
0,0,0,0,0,0
0,0,0,0,0,0
0,0,0,0,0,0
0,0,0,0,0,0
5.337526,1959.9783841,0,286.076164,3472.01,18.947087
0,0,0,0,0,0
0,0,0,0,0,0
0,0,0,0,0,0
0,0,0,0,0,0
0,0,0,0,0,0
0.22,1002.64,0,184.581,3657,21.82
0,0,0,0,0,0
0,0,0,0,0,0
0,0,0,0,0,0
0,0,0,0,0,0
0,0,0,0,0,0
0,0,0,0,0,0
0,0,0,0,0,0
0,0,0,0,0,0
0,0,0,0,0,0
0,0,0,0,0,0
0,0,0,0,0,0
0.08,2.718,0,0.201,0.05,0.211
0,0,0,0,0,0
0,0,0,0,0,0
0,0,0,0,0,0
0,0,0,0,0,0
0,0,0,0,0,0
0,0,0,0,0,0
0,0,0,0,0,0
0,0,0,0,0,0
0,0,0,0,0,0
0,0,0,0,0,0
0,0,0,0,0,0
0,0,0,0,0,0
0,0,0,0,0,0
0,0,0,0,0,0
0,0,0,0,0,0
96.4571546,3241.1587757,0,385.83120434,7104.0254,709.6810108
0,0,0,0,0,0
0,0,0,0,0,0
0,0,0,0,0,0
0,0,0,0,0,0
0,0,0,0,0,0
0,0,0,0,0,0
0.97,114.576,0,12.84,3.807,1.726
0,0,0,0,0,0
0,0,0,0,0,0
0,0,0,0,0,0
1.72,758.09,0,174.021,1576.47,949.92
0,0,0,0,0,0
74.136,4683.6313,0,593.034966,14896.0304,1506.8771
0,0,0,0,0,0
0,0,0,0,0,0
0,0,0,0,0,0
0,0,0,0,0,0
0,0,0,0,0,0
0,0,0,0,0,0
0.04,11.89,0,4.39,0.42,0.56
0,0,0,0,0,0
0,0,0,0,0,0
0,0,0,0,0,0
0,0,0,0,0,0
6.01,2308.37,0,129.97,3694.74,217.1
0,0,0,0,0,0
0,0,0,0,0,0
0,0.2,0,0.01,0,0
0,0,0,0,0,0
0,0,0,0,0,0
0,0,0,0,0,0
0,0,0,0,0,0
0,0,0,0,0,0
0,0,0,0,0,0
0,0,0,0,0,0
0,0,0,0,0,0
0,0,0,0,0,0
0,0,0,0,0,0
0,0,0,0,0,0
1.07,4262.89,0,279.88,6813.32,77.75
0,0,0,0,0,0
0,0,0,0,0,0
0,0,0,0,0,0
0,0,0,0,0,0
0,0,0,0,0,0
0,0,0,0,0,0
0,0,0,0,0,0
0,0,0,0,0,0
0,0,0,0,0,0
0,0,0,0,0,0
0,0,0,0,0,0
0,0,0,0,0,0
0,0,0,0,0,0
0,0,0,0,0,0
0,0,0,0,0,0
0,0,0,0,0,0
0,0,0,0,0,0
0,0,0,0,0,0
0,0,0,0,0,0
0,0,0,0,0,0
0,0,0,0,0,0
0,0,0,0,0,0
0,0,0,0,0,0
0,0,0,0,0,0
0,0,0,0,0,0
0,0,0,0,0,0
0,0,0,0,0,0
0,0,0,0,0,0
0,0,0,0,0,0
0,0,0,0,0,0
0,0,0,0,0,0
0,0,0,0,0,0
0,0,0,0,0,0
0,0,0,0,0,0
0,0,0,0,0,0
0,0,0,0,0,0
0,0,0,0,0,0
0,0,0,0,0,0
0,0,0,0,0,0
0,0,0,0,0,0
0,0,0,0,0,0
0,0,0,0,0,0
0,0,0,0,0,0
0,0,0,0,0,0
0,0,0,0,0,0
0,0,0,0,0,0
0,0,0,0,0,0
0,0,0,0,0,0
0,0,0,0,0,0
0,0,0,0,0,0
0,0,0,0,0,0
0,0,0,0,0,0
0,0,0,0,0,0
0,0,0,0,0,0
0,0,0,0,0,0
0,0,0,0,0,0
0,0,0,0,0,0
0,0,0,0,0,0
0,0,0,0,0,0
0,0,0,0,0,0
0,0,0,0,0,0
0,0,0,0,0,0
0,0,0,0,0,0
0,0,0,0,0,0
0,0,0,0,0,0
0,0,0,0,0,0
0,0,0,0,0,0
0,0,0,0,0,0
0,0,0,0,0,0
0,0,0,0,0,0
0,0,0,0,0,0
0,0,0,0,0,0
0,0,0,0,0,0
0,0,0,0,0,0
0,0,0,0,0,0
0,0,0,0,0,0
0,0,0,0,0,0
0,0,0,0,0,0
0,0,0,0,0,0
0,0,0,0,0,0
0,0,0,0,0,0
0,0,0,0,0,0
0,0,0,0,0,0
0,0,0,0,0,0
0,0,0,0,0,0
0,0,0,0,0,0
0,0,0,0,0,0
0,0,0,0,0,0
0,0,0,0,0,0
0,0,0,0,0,0
0,0,0,0,0,0
0,0,0,0,0,0
0,0,0,0,0,0
0,0,0,0,0,0
0,0,0,0,0,0
0,0,0,0,0,0
0,0,0,0,0,0
0,0,0,0,0,0
0,0,0,0,0,0
0,0,0,0,0,0
0,0,0,0,0,0
0,0,0,0,0,0
0,0,0,0,0,0
0,0,0,0,0,0
0,0,0,0,0,0
0,0,0,0,0,0
0,0,0,0,0,0
0,0,0,0,0,0
0,0,0,0,0,0
0,0,0,0,0,0
0,0,0,0,0,0
0,0,0,0,0,0
0,0,0,0,0,0
0,0,0,0,0,0
0,0,0,0,0,0
0,0,0,0,0,0
0,0,0,0,0,0
0,0,0,0,0,0
0,0,0,0,0,0
0,0,0,0,0,0
0,0,0,0,0,0
0,121.2748,0,5.78670739,244.3432788,1362.135064
0,0,0,0,0,0
0,0,0,0,0,0
0,0,0,0,0,0
0,0,0,0,0,0
0,0,0,0,0,0
0,626.955051,0,111.287671808424,2.0897597,57.5349826
0,0,0,0,0,0
0,0,0,0,0,0
0,0,0,0,0,0
0,122.1791336,0,26.2064604738,1.01912324,12.43787497
0,0,0,0,0,0
0,0,0,0,0,0
0,0,0,0,0,0
0,0,0,0,0,0
0,0,0,0,0,0
0,0,0,0,0,0
0,0,0,0,0,0
0,0,0,0,0,0
0,0,0,0,0,0
0,0,0,0,0,0
0,0,0,0,0,0
0,0,0,0,0,0
0,0,0,0,0,0
0,0,0,0,0,0
0,0,0,0,0,0
0,0,0,0,0,0
0,0,0,0,0,0
0,0,0,0,0,0
0,0,0,0,0,0
0,0,0,0,0,0
69.64861,3813.163495,0,752.94431140596,3188.43805036,332.94613708
0,0,0,0,0,0
0,0,0,0,0,0
0,0,0,0,0,0
0,0,0,0,0,0
0,0,0,0,0,0
0,0,0,0,0,0
0,0,0,0,0,0
0,0,0,0,0,0
0,0,0,0,0,0
1.82961218,39.163,0,3.8806329,0.38757,1.23524
0,0,0,0,0,0
0,0,0,0,0,0
0,0,0,0,0,0
0,0,0,0,0,0
0,0,0,0,0,0
0,0,0,0,0,0
0,0,0,0,0,0
0,47.958317,0,3.18404419,0.50168431,3.60852668
0,0,0,0,0,0
0,0,0,0,0,0
0,0,0,0,0,0
0,0,0,0,0,0
0,0,0,0,0,0
0,0,0,0,0,0
0,1.19757137,0,0.607086668,0.15636028,1.87295463
0,0,0,0,0,0
0,6.516464,0,1.246973,0.02324252,11.48392354
0,0,0,0,0,0
0,0,0,0,0,0
0,0,0,0,0,0
0,0,0,0,0,0
0,1.87172,0,1.42425842,0.219443,1.67809
0,445.98405824,0,332.502216896,810.70387836,0.7569356
0,0,0,0,0,0
0,0,0,0,0,0
0,0,0,0,0,0
0,0,0,0,0,0
0,0,0,0,0,0
0,124.998552,0,402.14525086,22.73013905,20.49362563
0,0,0,0,0,0
0,0,0,0,0,0
0,0,0,0,0,0
7.51237,2518.9863126,0,119.45792647,21967.19107271,15.84510465
0,0,0,0,0,0
0,0,0,0,0,0
0,0,0,0,0,0
0,0,0,0,0,0
0,0,0,0,0,0
0,0,0,0,0,0
0,0,0,0,0,0
0,0,0,0,0,0
0,0,0,0,0,0
0,0,0,0,0,0
6.28423,863.57370152,0,205.9941122184,4324.17269394,15.90820175
0,0,0,0,0,0
0,0,0,0,0,0
0,0,0,0,0,0
0,0,0,0,0,0
0,0.478875,0,0.3221618,0.0030133,0.6605903
0,0,0,0,0,0
0,0,0,0,0,0
0,0,0,0,0,0
0,0,0,0,0,0
0,0,0,0,0,0
0,0,0,0,0,0
0,0,0,0,0,0
0,0,0,0,0,0
0,2.4732,0,0.82362025,0.0148392,0.136026
0,0,0,0,0,0
0,0,0,0,0,0
43.653975,6144.5689371,0,257.947012841,16201.69274173,96.3927206
0,0,0,0,0,0
0,0,0,0,0,0
0,0,0,0,0,0
42.1211,174.432725,0,40.884675,10.934001,18.565166
0,0,0,0,0,0
50.905457847,1081.785412,0,123.747384,18.71347,382.556209
0,0,0,0,0,0
0,0,0,0,0,0
0,0,0,0,0,0
0,0,0,0,0,0
0,0,0,0,0,0
0.71437642,143.700127,0,78.01149878967,6.900009,25.73001
6.22366,1895.240703,0,452.346456,15424.012001,99.175974
0,0,0,0,0,0
0,0,0,0,0,0
0,0,0,0,0,0
0,0,0,0,0,0
0,0,0,0,0,0
101.893176,2053.490142,0,420.991032,1556.875183,2426.314212
157.60729,3743.571,0,475.55068005,12893.824,576.377
0,0,0,0,0,0
0,0,0,0,0,0
8.757055,216.53,0,27.12,4.07,26.09
0,0,0,0,0,0
0,0,0,0,0,0
0,0,0,0,0,0
69.8529,1412.86,0,98.60926,8.978,38.0251
100.060338,1523.70094,0,170.27974,136.005117,1390.53432
65.044105,6088.03,0,177.25,15.31,161.99
0,0,0,0,0,0
0.850774,12.0804,0,0.5569,0.4366,0.2451
0,0,0,0,0,0
0,2.19,0,0.05,0,1.46
0,0,0,0,0,0
0,0,0,0,0,0
0,0,0,0,0,0
0,0,0,0,0,0
19.4962141995,987.10289,0,102.852123,160.320757,1031.955231
0,0,0,0,0,0
359.947518,354.673433,0,508.674249,14.820224,65.882158
0,0,0,0,0,0
0.744185,46.187096,0,4.397097,0.116188,1.529599
80.00019,3533.99,0,197.15,9028.85,72.06
0,0,0,0,0,0
0,0,0,0,0,0
0,0,0,0,0,0
0,77.419537,0,77.818037,2737.479205,5.531142
149.4133,4357.138328,0,530.61069,2726.442151,111.417676
0,0,0,0,0,0
6.317495,808.101137,0,341.262942,5260.32578,245.153284
31.1510913565,1629.390954,0,291.82429,424.397949,1043.184129
0,0,0,0,0,0
0,0,0,0,0,0
3.796064362,1272.573597,0,196.430969,6365.5755,284.861074
0,0,0,0,0,0
0,0,0,0,0,0
0,0,0,0,0,0
0,0,0,0,0,0
0,0,0,0,0,0
0,259.737,0,22.9981,0.82,17.3161
0,0,0,0,0,0
49.9734887,1434.14937,0,427.914168,161.271806,2270.840834
0,0,0,0,0,0
0,0,0,0,0,0
0,0,0,0,0,0
0,0,0,0,0,0
0,0,0,0,0,0
0,0,0,0,0,0
0,0,0,0,0,0
2.91167586,546.965216,0,23.241945279,430.7732296,146.68459218
82.031420325,1289.91156,0,397.011397145,166.74314737,384.81385958
14.882501,502.7139836,0,31.600678253,104.71668716,221.64693623
0,0,0,0,0,0
0,0,0,0,0,0
0,0,0,0,0,0
50.8362788,1696.622516,0,235.8644608493,825.15799544,106.3450437
10.65747518,301.7735424,0,82.15782828,22.71684443,73.80095713
0,0,0,0,0,0
0,0,0,0,0,0
0,0,0,0,0,0
0,0.61682751,0,0.015186223,6.318e-05,15.02717327
55.552108,912.2082,0,265.83664543,226.735334,109.12971
0,0,0,0,0,0
0,2685.77881,0,342.76364,16984.891175,231.797215
0,0,0,0,0,0
3.73107,1327.80325,0,78.751975,1891.90455,3.49173
0,0,0,0,0,0
0,0,0,0,0,0
1.094,2901.83794,0,61.60098,19.03052,45.6468
0,51.76515,0,10.51842,1.002,3.3715
0,0,0,0,0,0
0.68274,52.769,0,11.9849,159.958,0.6155
0,0.1197,0,0.69236,0,0
0,0,0,0,0,0
0,0,0,0,0,0
0,0,0,0,0,0
0,0,0,0,0,0
1.79384,426.714,0,49.38013,69.9043,2.19335
24.0845,117.963,0,25.5015,2.6067,8.187
0,0,0,0,0,0
0,0,0,0,0,0
0,0,0,0,0,0
0,0,0,0,0,0
0,0,0,0,0,0
0,0,0,0,0,0
0,0,0,0,0,0
0,1170.387,0,25.64572,319.756,4.03296
0,0,0,0,0,0
7.499,22.0475,0,5.73252073,0.3573,2.1572
8.6076,45.5973,0,12.224884613,3.6594,13.7953
0,0,0,0,0,0
3.4645,1694.8757,0,5.62571229,77.5421,20.9787
0,0,0,0,0,0
57.6044315,297.5285,0,124.403158484,174.0196,210.503839
0,7.66,0,4.27415,1.97,0.092
3.5629,114.2084,0,28.431587769,9.5768,16.8589
0,0,0,0,0,0
16.3397,244.6211,0,26.001663398,7.2066,17.0937
0.1291,1275.242,0,12.34844911,323.9238,15.4639
9.1773,396.9699,0,37.0754555,150.9375,18.7199
29.4279,1127.7686,0,41.02901451,311.5353,18.6544
0,0,0,0,0,0
0,0,0,0,0,0
0,10.21,0,0.88846,0.2229895,0.280885
10.348,4672.105,0,371.9526775,2503.5185,42.0215
0,0,0,0,0,0
0,0,0,0,0,0
0,0,0,0,0,0
0,0,0,0,0,0
0,0,0,0,0,0
0,0,0,0,0,0
0,0,0,0,0,0
0,0,0,0,0,0
0,0,0,0,0,0
0,0,0,0,0,0
5.169065,2429.485115,0,79.583977508,614.288265,186.002165
0,0,0,0,0,0
0,0,0,0,0,0
0,0,0,0,0,0
0,0,0,0,0,0
0,0,0,0,0,0
0,2605.792845,0,353.25429865,2068.827755,176.612465
268.66828,1132.01235,0,270.4614796,123.764825,64.3963
0,0,0,0,0,0
0,0,0,0,0,0
0,1.926,0,0.01763,0.00165,0.00561
0,0,0,0,0,0
0,1.518945,0,0.041035,0.003655,0.013185
0,0,0,0,0,0
0,0,0,0,0,0
0,0,0,0,0,0
0,0,0,0,0,0
0,0,0,0,0,0
1.15122,463.93911,0,13.8648839259,543.63277,15.897555
0,0,0,0,0,0
0,0,0,0,0,0
0,0,0,0,0,0
0,0,0,0,0,0
0,0,0,0,0,0
0,0.8675,0,0.1295,0.0117,0.0412
0,0,0,0,0,0
0,0,0,0,0,0
0,0,0,0,0,0
0,0,0,0,0,0
0,0,0,0,0,0
0,0,0,0,0,0
0,0,0,0,0,0
0,0,0,0,0,0
0,0,0,0,0,0
0,25.826945,0,0.74811,0.06667,0.23809
0,0,0,0,0,0
0,0,0,0,0,0
3.48512,10227.2768,0,232.620217,7579.465005,158.153045
0,0,0,0,0,0
0,0,0,0,0,0
0,0,0,0,0,0
9.5675,1865.4175,0,145.5980202718,13.048745,244.732365
0,0,0,0,0,0
0.02685,2356.19806,0,476.51025122,6439.001065,32.92838
0,39.39629,0,4.45498052,0.51373,3.71426
0,0,0,0,0,0
0,0,0,0,0,0
0,0,0,0,0,0
0,0,0,0,0,0
0,0,0,0,0,0
0,0,0,0,0,0
0,0,0,0,0,0
0,4.3945,0,0.240555,0.12435,0.12598
0,0,0,0,0,0
0,83.38975,0,1.57239063,0.761875,0.51493
0.133755,410.68085,0,297.068970479,170.72961,9.61817
0,0,0,0,0,0
0,0,0,0,0,0
0,0,0,0,0,0
0,0,0,0,0,0
0,0,0,0,0,0
0,0,0,0,0,0
0,0,0,0,0,0
0,0,0,0,0,0
0,0,0,0,0,0
15.425325,52.16685,0,55.40308152,3.5006,6.10502
0,0,0,0,0,0
13.323835,6688.89042,0,491.3015316,13748.795131,371.321508
0,0,0,0,0,0
0,0,0,0,0,0
0,0,0,0,0,0
0,0,0,0,0,0
4.423181,24.66132,0,0.09503901,0.10003864,0.52746483
0.05870412,1.1973935,0,0.0022953425,0.0404576,0.0064375532
0,0,0,0,0,0
0.828662,18.2434,0,3.406893,0.899752,0.805083
0,0,0,0,0,0
22.87618,1127.25505,0,158.9517864449,88.308792,115.565853
0.0584,9.3906,0,0.0321463,0.285,0.009419
0,0,0,0,0,0
0,0,0,0,0,0
0,0,0,0,0,0
0,0,0,0,0,0
0,0,0,0,0,0
0.6625646,733.889853,0,119.50243985,2943.733390425,20.54523415
0,0,0,0,0,0
0,0,0,0,0,0
0.864761,164.20184,0,32.77976747,39.607807,53.10981319
0,0,0,0,0,0
0,0,0,0,0,0
0,0,0,0,0,0
0,0,0,0,0,0
14.1705553,76.39761,0,0.149555862,2.71501851,2.393879
0,0,0,0,0,0
0,0,0,0,0,0
0,0,0,0,0,0
0,0,0,0,0,0
0,0,0,0,0,0
0,16.080982,0,0.08691351,0.1231761,0.3810679
64.697657,411.034,0,37.32094033,141.828218,245.51782
0,0,0,0,0,0
0,0,0,0,0,0
0,0,0,0,0,0
0,0,0,0,0,0
101.7804,742.4634,0,79.3010737,42.83773,169.61863705
0,0,0,0,0,0
0.3878,3781.248,0,328.69967172,2369.3305,18.3046
0,0,0,0,0,0
0,0,0,0,0,0
0,0,0,0,0,0
0.014469,1.0279,0,0.0324525,0.16205,0.0310429
0,67.72884,0,19.99604,2.266804,8.433227
0,0,0,0,0,0
0,0,0,0,0,0
0,0,0,0,0,0
0.000725,0.03058,0,0.000417,0.00794,1.425e-05
0,0,0,0,0,0
0,0,0,0,0,0
0,46.393,0,0.133492078,0.305819,0.89272
0,0,0,0,0,0
0,0,0,0,0,0
0,0,0,0,0,0
0,0,0,0,0,0
0.9075827,7.87615,0,0.05443634,0.16661016,0.1954382
0.1412909,736.417461,0,60.24687376,2421.753523,10.9273725
0,0,0,0,0,0
0,1.804,0,0.0089768,0.003106,0.0008406
0,0,0,0,0,0
0,0,0,0,0,0
0,0,0,0,0,0
20.301301,618.11679,0,20.985513894,229.4382058,147.598274
0,0,0,0,0,0
0,0,0,0,0,0
13.9103339,56.80268,0,0.1468235247,2.66501113,1.657152
21.2221138,21.9259,0,2.95355397,0.76303968,0.221066
0,0,0,0,0,0
0,0,0,0,0,0
78.0699392,1059.3792,0,200.95763043,217.09883,42.18705
3.897473,27.7975,0,0.1495694,0.3719,1.030479
0,94.01,0,26.51509,4.0897,12.3468
0,0,0,0,0,0
0,0,0,0,0,0
0,0,0,0,0,0
0,0,0,0,0,0
9.629,359.7,0,107.607,28.9,56.42125
0,0,0,0,0,0
0,0,0,0,0,0
0,0,0,0,0,0
0,0,0,0,0,0
0,0,0,0,0,0
0.019783,0.6489032,0,0.00524726934,0.006058974,4.766649071
0,0,0,0,0,0
0,0,0,0,0,0
0,0,0,0,0,0
0,3.21,0,0.015972,0.005527,0.001496
0,0,0,0,0,0
0,0,0,0,0,0
0,176.51,0,95.06751,34.3,1.21
0,0,0,0,0,0
61.9483,108.6,0,63.8306968,5.81,22.26
99.2007,200.79,0,136.0602323,9.3,22.88
0,0,0,0,0,0
0,0,0,0,0,0
0,0,0,0,0,0
0,0,0,0,0,0
66.03442,2163.27,0,205.8407558,2890.58,56.23
0,0,0,0,0,0
0,0,0,0,0,0
0,0,0,0,0,0
0,22.19,0,1.45,0.73,1.37
0,0,0,0,0,0
0,0,0,0,0,0
8.53,103.67,0,85.6,4.61,9.1
0,0,0,0,0,0
0,0,0,0,0,0
0,0,0,0,0,0
0,0,0,0,0,0
0,0,0,0,0,0
0,0,0,0,0,0
29.495317,8480.9,0,722.71,70666.51,54.31
62.2001,84.01,0,65.9394,5.83,20.43
0,0,0,0,0,0
0,0,0,0,0,0
0,0,0,0,0,0
0,0,0,0,0,0
22.2949,1618.61,0,42.8078,11.76,9.73
0,110.28,0,3.66,0.3,1.12
0,0,0,0,0,0
0,11.84,0,6.552,0.1005,0.8477
1.336224,64.51,0,72.9456,2.3,3
388.54,97.22,0,18.61,3.89,14.91
0,0,0,0,0,0
5.63656,1932.85,0,30.7922881,2209.92,19.51
0,23.9,0,0.2882,0.03,2.23
0,0,0,0,0,0
0,0,0,0,0,0
0,0,0,0,0,0
0,0,0,0,0,0
0,0,0,0,0,0
241.1812,1272.3,0,495.618927,96.35,1277.96
0,0,0,0,0,0
0,0,0,0,0,0
0,0,0,0,0,0
0,0,0,0,0,0
0,0,0,0,0,0
0,0,0,0,0,0
0,0,0,0,0,0
0,0,0,0,0,0
0,0,0,0,0,0
0,347.77,0,74.1434968,6.55,19.34
0,0,0,0,0,0
42.3502,1313.02,0,400.36652,48.55,1576.2
0,0,0,0,0,0
0,0,0,0,0,0
0,0,0,0,0,0
0,0,0,0,0,0
0,0,0,0,0,0
0,0,0,0,0,0
0,0,0,0,0,0
0,0,0,0,0,0
6.47058,82.1759,0,11.4189596,0.5225,2.1246
0,0,0,0,0,0
0,0,0,0,0,0
0,0,0,0,0,0
0,0,0,0,0,0
0,0,0,0,0,0
0,0,0,0,0,0
0,0,0,0,0,0
0,0,0,0,0,0
0,0,0,0,0,0
0,0,0,0,0,0
0,0,0,0,0,0
0,0,0,0,0,0
0,0,0,0,0,0
0,0,0,0,0,0
0,0,0,0,0,0
0,0,0,0,0,0
0,0,0,0,0,0
0,0,0,0,0,0
0,0,0,0,0,0
0,0,0,0,0,0
0,10.2567,0,0.2014,11.1773,0.028
0,0,0,0,0,0
0,0,0,0,0,0
0,0,0,0,0,0
0,0,0,0,0,0
0,0,0,0,0,0
1.5939,479.051,0,90.5662588236,5171.2487,4.0329
0,0,0,0,0,0
0.0522,4.7305,0,0.1273859722,0.0295,0.1117
0,0,0,0,0,0
0,0,0,0,0,0
0,0,0,0,0,0
15.8666,1012.1464,0,209.2105,556.818,207.7867
0,0,0,0,0,0
0,0,0,0,0,0
23.4268,92.7242,0,31.2688,0.4766,5.7133
0,0,0,0,0,0
0,0,0,0,0,0
0,0,0,0,0,0
0,0,0,0,0,0
0,0,0,0,0,0
0,0,0,0,0,0
0.1586,6.6909,0,0.0833,7.5689,0.0031
0,0,0,0,0,0
0,0,0,0,0,0
0,0,0,0,0,0
0,0,0,0,0,0
0,0,0,0,0,0
0,0,0,0,0,0
0,0,0,0,0,0
0,0,0,0,0,0
11.6203,22.0725,0,3.148735,0.8398,2.8456
0,0,0,0,0,0
0,0,0,0,0,0
0,0,0,0,0,0
10.3707559,1980.8267,0,380.1849882354,4813.9613,37.9742
0,0,0,0,0,0
0,0,0,0,0,0
0.9783,3420.1,0,557.8962,8604.2,54.3017
0,0,0,0,0,0
0,0,0,0,0,0
0,0,0,0,0,0
3e-04,0.0287,0,0.0015,8e-04,6e-04
0,0,0,0,0,0
26.775137,1193.9798,0,53.20729,123.7057,89.9282
64.704493,3420.9567,0,362.7454,6325.0658,84.9795
11.1,3330.4401,0,287.3162,532.8107,258.4951
0.0052,4.2066,0,0.2548,0.1555,0.462
0,0,0,0,0,0
0,0,0,0,0,0
0,0,0,0,0,0
0,0,0,0,0,0
0,0,0,0,0,0
0,0,0,0,0,0
0,0,0,0,0,0
0,0,0,0,0,0
0,0,0,0,0,0
0,0,0,0,0,0
0,0,0,0,0,0
0,0,0,0,0,0
0,0,0,0,0,0
0,0,0,0,0,0
0,0,0,0,0,0
0,0,0,0,0,0
0,0,0,0,0,0
0,0,0,0,0,0
0,0,0,0,0,0
0,0,0,0,0,0
1.2029,38.0103,0,363.552,5323.2219,233.6789
0,0,0,0,0,0
0,0.9843,0,0.0972,0.0188,0.0429
0,0,0,0,0,0
0,0,0,0,0,0
0,0,0,0,0,0
0,0,0,0,0,0
0,0,0,0,0,0
0,0,0,0,0,0
0,0,0,0,0,0
0,26.6069,0,1.9386,0.5143,2.7212
0,0,0,0,0,0
0,0,0,0,0,0
0,0,0,0,0,0
0,0,0,0,0,0
0,1055.91,0,100.642,783.866,61.2075
0,5.368,0,0.0854,7.7674,0.0032
0,0,0,0,0,0
0,0,0,0,0,0
0,0,0,0,0,0
0,0,0,0,0,0
0,0,0,0,0,0
46.5506,6999.854,0,752.055629,3756.5459,339.6439
0,0,0,0,0,0
0,0,0,0,0,0
0,0,0,0,0,0
0,0,0,0,0,0
0,0,0,0,0,0
0,0,0,0,0,0
0,0,0,0,0,0
0,0,0,0,0,0
0,14.0964,0,2.9333,0.2115,0.4724
0,0,0,0,0,0
0,0,0,0,0,0
0,0,0,0,0,0
0,0,0,0,0,0
0,0.6354,0,0.0083,0.0073,3e-04
0,0,0,0,0,0
0,0,0,0,0,0
0,0,0,0,0,0
0,0,0,0,0,0
0,0,0,0,0,0
0,0,0,0,0,0
0,0,0,0,0,0
0,0,0,0,0,0
0,0,0,0,0,0
0,0,0,0,0,0
0,0,0,0,0,0
0,0,0,0,0,0
0,0,0,0,0,0
0,0,0,0,0,0
0,0,0,0,0,0
0,0,0,0,0,0
0,0,0,0,0,0
0,0,0,0,0,0
0,0,0,0,0,0
0,0,0,0,0,0
0,0,0,0,0,0
0,0,0,0,0,0
0,0,0,0,0,0
0,0,0,0,0,0
0,0,0,0,0,0
0,0,0,0,0,0
0,0,0,0,0,0
0,0,0,0,0,0
0,0,0,0,0,0
0,0,0,0,0,0
0,0,0,0,0,0
0,0,0,0,0,0
0,0,0,0,0,0
0,0,0,0,0,0
0,0,0,0,0,0
0,0,0,0,0,0
0,0,0,0,0,0
0,0,0,0,0,0
0,0,0,0,0,0
0,0,0,0,0,0
0,0,0,0,0,0
0,0,0,0,0,0
0,0,0,0,0,0
0,0,0,0,0,0
0,0,0,0,0,0
0,0,0,0,0,0
0,0,0,0,0,0
0,0,0,0,0,0
0,0,0,0,0,0
0,0,0,0,0,0
0,0,0,0,0,0
0,0,0,0,0,0
0,0,0,0,0,0
0,0,0,0,0,0
0,0,0,0,0,0
0,0,0,0,0,0
0,0,0,0,0,0
0,0,0,0,0,0
0,0,0,0,0,0
0,0,0,0,0,0
0,0,0,0,0,0
0,0,0,0,0,0
0.1169,1232.174,0,61.543721,2958.51,24.0477
0,0,0,0,0,0
0,0,0,0,0,0
0,0,0,0,0,0
0,0,0,0,0,0
0,0,0,0,0,0
0,0,0,0,0,0
0,0,0,0,0,0
0,0,0,0,0,0
0,0,0,0,0,0
0,0,0,0,0,0
0,0,0,0,0,0
0,0,0,0,0,0
0,0,0,0,0,0
0,0,0,0,0,0
0,0,0,0,0,0
0,0,0,0,0,0
0,0,0,0,0,0
0,0,0,0,0,0
0,0,0,0,0,0
0,0,0,0,0,0
0,0,0,0,0,0
0,0,0,0,0,0
0,0,0,0,0,0
0,0,0,0,0,0
0,0,0,0,0,0
0,0,0,0,0,0
0,0,0,0,0,0
1.1,5783.86,0,126.4489099,11245.23,61.07
0,0,0,0,0,0
0,0,0,0,0,0
0,0,0,0,0,0
0,0,0,0,0,0
0,0,0,0,0,0
0,0,0,0,0,0
0,0,0,0,0,0
0,0,0,0,0,0
0,0,0,0,0,0
0,0,0,0,0,0
0,0,0,0,0,0
0,0,0,0,0,0
0,0,0,0,0,0
0,0,0,0,0,0
0,0,0,0,0,0
0,0,0,0,0,0
0,0,0,0,0,0
0,0,0,0,0,0
0,0,0,0,0,0
0,0,0,0,0,0
0,0,0,0,0,0
0,0,0,0,0,0
0,0,0,0,0,0
0,0,0,0,0,0
0,0,0,0,0,0
0,0,0,0,0,0
4.0631475,60.994,0,0,0.411,0.5815
0,0,0,0,0,0
0,0,0,0,0,0
0,0,0,0,0,0
0,0,0,0,0,0
0,0,0,0,0,0
0,0,0,0,0,0
0,0,0,0,0,0
0,0,0,0,0,0
0,0,0,0,0,0
0,0,0,0,0,0
0,0,0,0,0,0
0,0,0,0,0,0
0,0,0,0,0,0
0,0,0,0,0,0
0,0,0,0,0,0
0,0,0,0,0,0
0,0,0,0,0,0
0,0,0,0,0,0
0,0,0,0,0,0
0,0,0,0,0,0
0,0,0,0,0,0
0,0,0,0,0,0
0,0,0,0,0,0
0,0,0,0,0,0
0,0,0,0,0,0
0,0,0,0,0,0
0,0,0,0,0,0
0,0,0,0,0,0
0,0,0,0,0,0
0,0,0,0,0,0
0,0,0,0,0,0
0,0,0,0,0,0
0,0,0,0,0,0
0,0,0,0,0,0
0,0,0,0,0,0
0,0,0,0,0,0
0,0,0,0,0,0
0,0,0,0,0,0
0,0,0,0,0,0
77.88,678.201,0,415.033,50.476,203.584
0,0,0,0,0,0
0,0,0,0,0,0
0,0,0,0,0,0
9.22499,333.5848,0,77.04666,234.1743,0.1626916
18.44681,4341.2919541,0,141.0880139383,7429.89926544,20.54672676
0,0,0,0,0,0
0,0,0,0,0,0
3.18782,205.81059,0,5.1659013,0.6765358,0.43034786
0,0,0,0,0,0
0,0,0,0,0,0
0,0,0,0,0,0
10.97876,485.88462363,0,186.09489240079,9.17727273,57.427656903
0,0,0,0,0,0
0,0,0,0,0,0
0,0,0,0,0,0
0,0,0,0,0,0
0,0,0,0,0,0
0,0,0,0,0,0
0.4684,131.08807,0,6.89101204,11.80678,7.203453
0,0,0,0,0,0
0,0,0,0,0,0
0.1764635,1689.060978,0,36.009275016,1044.032826,24.762777
137.7735625,699.980003,0,48.93667680302,1259.2606469,24.279116
0,0,0,0,0,0
0,0,0,0,0,0
0,0,0,0,0,0
13.9983,498.9321,0,137.3287,16.5218,29.1149
0,0,0,0,0,0
0,0,0,0,0,0
0.7828,538.3144,0,32.7375,286.7648,10.8267
0,0,0,0,0,0
0,0,0,0,0,0
2.1811,648.6191,0,212.8977,56.4481,322.2871
0,0,0,0,0,0
0,0,0,0,0,0
1.3272,235.881,0,95.0706,139.641,19.8598
141.0402,633.418,0,165.2605,11.33,35.2934
0,0,0,0,0,0
0,0,0,0,0,0
0.0279,151.676,0,13.8155,4.1105,9.6942
0,0,0,0,0,0
0,0,0,0,0,0
0,0,0,0,0,0
0,0,0,0,0,0
72.008,471.3084,0,81.425,9.1301,32.1229
0,0,0,0,0,0
0,24.6042,0,1.0442,0.1405,0.4651
0,0,0,0,0,0
0,0,0,0,0,0
0,0,0,0,0,0
0,0,0,0,0,0
0,0,0,0,0,0
0,0,0,0,0,0
31.1,37.37,0,17.294043,1.305,0.472
0,85,0,3.1,11.8,26.6
0,0,0,0,0,0
0,0,0,0,0,0
0,0,0,0,0,0
0,59.14,0,3.175,0.379,4.93
91.3199,881.601,0,79.24908831,308.278,56.252
0,0,0,0,0,0
0,0,0,0,0,0
101.262,93.771,0,27.178,4.748,12.172
0,0,0,0,0,0
0,0,0,0,0,0
0,0,0,0,0,0
0,0,0,0,0,0
0,0,0,0,0,0
0,0,0,0,0,0
0,0,0,0,0,0
0,0,0,0,0,0
0,0,0,0,0,0
0,0,0,0,0,0
0,0,0,0,0,0
0,0,0,0,0,0
0,0,0,0,0,0
0,0,0,0,0,0
0,0,0,0,0,0
0,0,0,0,0,0
26.7405,1847,0,249.8993646,4582.0175,93.714
0,0,0,0,0,0
0,0,0,0,0,0
0,0,0,0,0,0
0,0,0,0,0,0
0,0,0,0,0,0
0.18144,155.12655,0,4.2969865,0.6269,2.47131995
0,0,0,0,0,0
0,0,0,0,0,0
0,0,0,0,0,0
0,0,0,0,0,0
0,0,0,0,0,0
0,0,0,0,0,0
0,0,0,0,0,0
0.3360141,871.9694,0,27.2953107,3192.397519,25.35004755
0,0,0,0,0,0
0.00964,0.6612,0,0.0536461,0.24175,0.093325
0,0,0,0,0,0
0,0,0,0,0,0
0,0,0,0,0,0
0,0,0,0,0,0
0,0,0,0,0,0
0,0,0,0,0,0
36.7235755,144.45197,0,32.653474325,19.23279275,1.04836969
0,0,0,0,0,0
0,0,0,0,0,0
0,0,0,0,0,0
0,97.372547,0,9.4369068,28.2784974,61.925969
0,0,0,0,0,0
62.4231547,2054.56437,0,95.417236301,158.4631302,95.6919313
49.1915584,1120.61575,0,92.99836805,170.636107,68.1254752
0,401.677,0,3.483694,572.72865,67.972825
0,0,0,0,0,0
0.01088185,24.1976998,0,1.16090875,0.2264767,0.388204
0,827.53149,0,85.59359,207.498275,47.58744
10.260533,359.95115,0,16.22280975,625.896594,13.04709
0,0,0,0,0,0
2.884224,427.00738565,0,146.13295995,278.4904639,12.1902511
0,0,0,0,0,0
0,0,0,0,0,0
60.2334611,708.75797,0,57.8454795,237.8737264,72.53840975
14.259835,93.98731,0,31.967768495,6.1438387005,1.42044408
0.00144,2.761217,0,1.4244963,0.15615145,0.68185675
26.282715,1112.2055,0,58.269725,146.406825,43.7979425
0,0,0,0,0,0
1.90738,94.5518525,0,30.86816,2.06953115,36.4300543
0,0,0,0,0,0
0,0,0,0,0,0
0,0,0,0,0,0
0,0,0,0,0,0
0,0,0,0,0,0
26.065945,376.474485,0,50.550534234,371.12127565,42.217889
0,0,0,0,0,0
0,0,0,0,0,0
0,0,0,0,0,0
0,0,0,0,0,0
0,0,0,0,0,0
0,0,0,0,0,0
0,0,0,0,0,0
0,960.3635,0,5.6942495,103.31885,34.176625
0,0,0,0,0,0
0,0,0,0,0,0
0,0,0,0,0,0
0,0,0,0,0,0
0,0,0,0,0,0
0,9.4,0,0,4,0
0,0,0,0,0,0
0,0,0,0,0,0
0,0,0,0,0,0
0,0,0,0,0,0
0,0,0,0,0,0
0,0,0,0,0,0
1.393175,1029.6,0,148.3651997,1281.437,21.7427439
0,0,0,0,0,0
0,0,0,0,0,0
0,1.77,0,0.081,0,12.01
0,0,0,0,0,0
0,0,0,0,0,0
0,0,0,0,0,0
30.48215,9917.04,0,944.203993,5917.45,100.94
0,0,0,0,0,0
0,0,0,0,0,0
0,0,0,0,0,0
0,0,0,0,0,0
0,122.0996,0,33.79,2.5036,5.44
0,0,0,0,0,0
39.5504591,1444.52,0,58.69294118,336.48,479.093
0,0,0,0,0,0
0,0,0,0,0,0
0,0,0,0,0,0
0,0,0,0,0,0
0,0,0,0,0,0
0,0,0,0,0,0
0,8.58,0,0.57,0.11,0.49
0,0,0,0,0,0
0,0,0,0,0,0
0,0,0,0,0,0
3.5725,4018.53,0,266.80119761,1718.2,29.88
0,0,0,0,0,0
0,0,0,0,0,0
0,0,0,0,0,0
0,0,0,0,0,0
0,0,0,0,0,0
0,0,0,0,0,0
0,0,0,0,0,0
73.5432,4344.54,0,556.2663304,7593.86,1481.26
0,0,0,0,0,0
0,351.22,0,94.46708681,210.842,15.339
0,0,0,0,0,0
0,0,0,0,0,0
0,0,0,0,0,0
0,0,0,0,0,0
0,0,0,0,0,0
0,0,0,0,0,0
0,0,0,0,0,0
0,0,0,0,0,0
0,88.18,0,4.71,10.11,1.62
0,0,0,0,0,0
0,0,0,0,0,0
0,0,0,0,0,0
54.74085156,2029.18,0,501.16665287,664.83,756.563
0,0,0,0,0,0
0,0,0,0,0,0
0,0,0,0,0,0
0,0,0,0,0,0
0,0,0,0,0,0
0,0,0,0,0,0
0,0,0,0,0,0
0,0,0,0,0,0
0,0,0,0,0,0
0,0,0,0,0,0
0,0,0,0,0,0
0,0,0,0,0,0
0,0,0,0,0,0
0,0,0,0,0,0
0,0,0,0,0,0
0,0,0,0,0,0
0,0,0,0,0,0
107.46865,331.66,0,163.965323,21.99,50.75
0,50.5,0,0.34,20.9,0
9.26168,183.748,0,134.48,9.83,32.49
26.46945,233.94,0,140.6,17.1,50.76
12.44085,2106.74,0,248.3736019,1253.94,19.19
0,0,0,0,0,0
0,3750.18,0,220.4862,397.15,39.65
0,0,0,0,0,0
0,0,0,0,0,0
0,0,0,0,0,0
0,0,0,0,0,0
0,0,0,0,0,0
0,0,0,0,0,0
0,0,0,0,0,0
0,0,0,0,0,0
0,0,0,0,0,0
0,0,0,0,0,0
0,0,0,0,0,0
0,0,0,0,0,0
0,1029.78,0,136.87829787,17.1,12.85
0,0,0,0,0,0
0,0,0,0,0,0
0,0,0,0,0,0
0,0,0,0,0,0
0,0,0,0,0,0
0,0,0,0,0,0
0,0,0,0,0,0
0,0,0,0,0,0
0,0,0,0,0,0
0,0,0,0,0,0
0,0,0,0,0,0
0,0,0,0,0,0
0,78.4,0,75.4,7.9,130.2
0,0,0,0,0,0
0,0,0,0,0,0
0,0,0,0,0,0
0,0,0,0,0,0
0,0,0,0,0,0
0,0,0,0,0,0
0,0,0,0,0,0
0,0,0,0,0,0
0,0,0,0,0,0
0,0,0,0,0,0
0,0,0,0,0,0
0,0,0,0,0,0
0,0,0,0,0,0
0,0,0,0,0,0
0,0,0,0,0,0
0,0,0,0,0,0
0,0,0,0,0,0
0,0,0,0,0,0
0,0,0,0,0,0
0,0,0,0,0,0
6.36245,1335.8,0,249.92353,3368.6,7.8
0,0,0,0,0,0
0,0,0,0,0,0
0,0,0,0,0,0
0,0,0,0,0,0
0,0,0,0,0,0
0,0,0,0,0,0
0,0,0,0,0,0
0,0,0,0,0,0
0,0,0,0,0,0
0,0,0,0,0,0
0,0,0,0,0,0
0,0,0,0,0,0
0,0,0,0,0,0
0,0,0,0,0,0
0,0,0,0,0,0
0,0,0,0,0,0
0,0,0,0,0,0
0,0,0,0,0,0
0,0,0,0,0,0
0,0,0,0,0,0
0,0,0,0,0,0
0,0,0,0,0,0
0,0,0,0,0,0
0,0,0,0,0,0
0,0,0,12.43366,0,0
0,3.9,0,0,1,0
0,0,0,0,0,0
0,0,0,0,0,0
0,0,0,0,0,0
0,0,0,0,0,0
0,0,0,0,0,0
7.5965,82.984,0,102.56995,0.295038,74.27752
0,0,0,0,0,0
0,0,0,0,0,1.56
0,4.126,0,0.425,0.825,4.126
0,0,0,0,0,14.77
0,0,0,0,0,0
0,0,0,0,0,0
0,0,0,0,0,0
0,0.9,0,1.26,0.02,1.65
2.03906,557.274101,0,94.18184,1734.38890702,13.86523
0,28.34,0,0.7689,0.14927,0.3882
111.3296,196.1354,0,486.82373553,23.9638,415.3391
0,0,0,0,0,0
0,0,0,0,0,0
0,0,0,0,0,0
0.00450004,90.690001,0,48.9962076,6.9420038,55.6164
0,0,0,0,0,0
0,0,0,0,0,0
0,0,0,0,0,0
0,0,0,0,0,0
0,4.556,0,0.264,0.0814,3.417
0,0,0,0,0,0
0.12,7.229,0,0.786,0.951,110.808
0,0,0,0,0,0
0,0,0,0,0,0
0,0,0,0,0,0
0,0,0,0,0,0
0,0,0,0,0,0
0,0,0,0,0,0
0,2.4,0,0.06,0,12.45
0,0,0,0,0,0
0,0,0,0,0,0
0,0,0,0,0,0
0,19.685,0,0.1771326,0.093,7.76
2e-07,0.97,0,1.22,0.375,14.09
47.39616,278.2725,0,211.60354362,17.821155,7.300588
0,0,0,0,0,0
0,0,0,0,0,0
1.934818,320.0745,0,46.664948,102.226229,26.334014
1.7235617,1081.138,0,347.8151623,176.680844,455.347992
0,0,0,0,0,0
0,44.58,0,15.06971,11.29,33.8
0.975668,98.6529,0,18.136754,18.131037,211.365849
0,0,0,0,0,0
0,0,0,0,0,0
0,0,0,0,0,0
0.002,3.276,0,0.156,10.68,2.92
0,0,0,0,0,0
0.043314,35.4704,0,7.75336348,1.532674,4.5322692
0,0,0,0,0,0
0,0,0,0,0,0
219.2102,127.2275,0,68.78413,7.735905,12.76746
0,0,0,0,0,0
0.8,13.68,0,54.81,0.15,88.63
1.661,798,0,94.2182,857,11.524
0,0,0,0,0,0
0,21.8,0,2.33,0.112692,0.13
0,0,0,0,0,0
3.857986,20.36944,0,35.77946,0.230742,1.400607
0,0,0,0,0,0
0,0,0,0,0,0
0,0,0,0,0,0
36.987249,2486.6335,0,404.347502,18446.079247,202.014098
126.32,100.22,0,75.40362,62.74,38.29
0,746.127,0,218.1875,1916.4227,10.5687
0,0,0,0,0,0
0,0,0,0,0,0
18.461371286,410.769,0,192.378806,144.6807,301.8035
0.0854284255,18.410075,0,1.317802436,0.161508,7.03513094
0,39.49,0,5.613357,20.97,2.774
0,0,0,0,0,0
1.44,45.046,0,10.3045,0.271,1079.138
0.66,7.49,0,1.465,0.126,0.1756
0,8,0,0.3410498,0.089475,0.021454
0,0,0,0,0,0
214.602322,989.90255,0,772.185833,1283.3694353,154.64399
0,0,0,0.00542,0,33.88
0,0,0,0,0,0
4.282,1019.6159,0,233.4169702,408.68993,37.639741
0,0,0,0,0,0
0,0,0,0,0,0
0,0,0,0,0,0
0,0,0,0,0,0
0,0,0,0,0,0
0,0,0,0,0,0
0,0,0,0,0,0
0,0,0,0,0,0
0,0,0,0,0,0
0,0,0,0,0,0
0,0,0,0,0,0
0,0,0,0,0,0
0,0,0,0,0,0
0,0,0,0,0,0
0,0,0,0,0,0
0,0,0,0,0,0
14.47521,1317.44,0,15.052,1.412,3.795
0,0,0,0,0,0
0,0,0,0,0,0
0,0,0,0,0,0
0,0,0,0,0,0
0,0,0,0,0,0
0,26.899,0,1.941,0.124,9.93
0,0,0,0,0,0
0,571.557,0,34.773,9841.676,3.429
0,0,0,0,0,0
0,0,0,0,0,0
0,0,0,0,0,0
0,0,0,0,0,0
0,0,0,0,0,0
0,0,0,0,0,0
0,0,0,0,0,0
0,0,0,0,0,0
0,0,0,0,0,0
0,0,0,0,0,0
0,0,0,0,0,0
0,1218.414,0,208.5789,5886.511,37.187
0,0,0,0,0,0
0,0,0,0,0,0
0,0,0,0,0,0
0,1150.16,0,189.215,3934.382,7.236
0,0,0,0,0,0
0,4.476,0,0.469,0.129,0.016
0,0,0,0,0,0
55.4237,262.373,0,96.1282979,5.237,15.737
9.79,3185.023,0,284.65746412,167.492,2196.096
0,0,0,0,0,0
0,0,0,0,0,0
0,0,0,0,0,0
47.1,130.214,0,35.77492,5.233,12.795
0,0,0,0,0,0
0,0,0,0,0,0
0,0,0,0,0,0
0,0,0,0,0,0
0,19.556,0,0.392,0.288,0.168
42.97818,1467.714,0,178.6940449,17.251,92.804
0,0,0,0,0,0
0,0,0,0,0,0
0,0,0,0,0,0
0,0,0,0,0,0
0,0,0,0,0,0
67.8952,392.06,0,23.6395326,1.76,1.69
0,0,0,0,0,0
0,0,0,0,0,0
0,0,0,0,0,0
0,0,0,0,0,0
0,0,0,0,0,0
18.74792,1162.8,0,30.05197663,3.627,31.417
0,0,0,0,0,0
0,0,0,0,0,0
0,0,0,0,0,0
0,0,0,0,0,0
9.36898,823.463,0,94.92075294,7.861,19.74
73.1674,430.542,0,36.412,6.908,8.004
0,0,0,0,0,0
0,0,0,0,0,0
0,0,0,0,0,0
246.14,313.394,0,36.899,1.679,17.84
0,0,0,0,0,0
0,0,0,0,0,0
0,0,0,0,0,0
0,0,0,0,0,0
0,229.584,0,53.0379095,7.625,19.61209
0,0,0,0,0,0
0,0,0,0,0,0
0,0,0,0,0,0
0,53.17,0,4.238606,2.396,2.03
0,0,0,0,0,0
0,0,0,0,0,0
0,0,0,0,0,0
0,0,0,0,0,0
0,0,0,0,0,0
0,0,0,0,0,0
0,0,0,0,0,0
0,0,0,0,0,0
0,0,0,0,0,0
0,0,0,0,0,0
36.3,672.46,0,140.7075824,23.44,788.86
46.2,901.76,0,431.7560409,110.701,617.407
0,0,0,0,0,0
0,0,0,0,0,0
0,0,0,0,0,0
0,8.067,0,1.09634,1.04116,1.03033
0,0,0,0,0,0
0,0,0,0,0,0
0,0,0,0,0,0
0,0,0,0,0,0
56.7637,137.3,0,39.7,4.24,18.51
0,0,0,0,0,0
0,0,0,0,0,0
0,0,0,0,0,0
0,0,0,0,0,0
0,0,0,0,0,0
0,0,0,0,0,0
10.02,114.98,0,82.8113924,11.35,17.26
276.6057,5670.472,0,1482.317435633,3283.0275,517.9435
0,0,0,0,0,0
0,39.15,0,153.25201,171.65,7.6682
0,0,0,0,0,0
124.9493,1510.0954,0,248.0968268,307.9697,34.535
0,0,0,0,0,0
0,0,0,0,0,0
33.021,1128.0779,0,123.75132,121.8403,42.5532
6.035,595.673,0,195.949453733,510.825,33.2746
3.8049,2239.1721,0,132.3553,7944.5324,13.843
0,0,0,0,0,0
0.66,499.699,0,20.35,520.3003,3.7
0,0,0,0,0,0
0,0,0,0,0,0
0,0,0,0,0,0
0,0,0,0,0,0
0,0,0,0,0,0
0,0,0,0,0,0
0,0,0,0,0,0
0,17.8,0,0.28,2.9,0.01
0,0,0,0,0,0
72.071289,674.1634,0,258.822089,1091.616,50.0183
50.0343,1041.8305,0,103.641188,69.6282,94.4675
0,0,0,0,0,0
44.66,141.4,0,29.775,10.152,1.353
0,0,0,0,0,0
0,43.6,0,5.07,5.04,8.13
0,0,0,0,0,0
0,0,0,0,0,0
0,18.9825,0,3.7613512,1.6446,4.0025
0,0,0,0,0,0
0,0,0,0,0,0
0,0,0,0,0,0
5.29,62.048,0,17.44633,50.37,2.37
0,0,0,0,0,0
0,0,0,0,0,0
16.423,291.6,0,88.702,11.703,7.6601
0,12.95,0,0.3018,2.77,0.0108
0,13.867,0,0.2487,1.869,0.08
0,2.494,0,0.0573,0.547,0.002
0,0,0,0,0,0
0,0,0,0,0,0
0,0,0,0,0,0
0,2.73,0,0.05,0.09,0
0.7926,822.4401,0,7.1999,14.6291,1.7848
0,0,0,0,0,0
26.3237,1602.9318,0,477.71093494,4964.8711,38.0026
0.17,296.901,0,24.0023575,460.7113,5.079
0,163.1217,0,5.2023,1.5654,11.1755
22.2539,1992.7092,0,881.81137908,458.8558,619.6565
0,0,0,0,0,0
0,0,0,0,0,0
10.89723,1262.7038,0,166.108641245,4374.9429,83.5204
0.1514,177.3203,0,3.0176281,1454.9437,2.5884
0,0,0,0,0,0
0,0,0,0,0,0
0,0,0,0,0,0
0,0,0,0,0,0
0,0,0,0,0,0
0.585,632.6637,0,47.8539882,1413.5404,9.64
0,240.1,0,3.22,0.3,1.71
0,0,0,0,0,0
0,0,0,0,0,0
0,0,0,0,0,0
5.6,556.5,0,217.359876,1,175.1092
93.21919,1811.8395,0,893.4821803,6706.2269,482.9781
0,0,0,0,0,0
0,0,0,0,0,0
0,0,0,0,0,0
0,0,0,0,0,0
0,0,0,0,0,0
0,0,0,0,0,0
64.5975548,266.004299,0,47.820103,12.3354362,18.3393557
0,0,0,0,0,0
110.494996,667.087533,0,274.9779544,2504.357482,37.021486
0,0,0,0,0,0
0,0,0,0,0,0
0,24.98253,0,0.896553,14.431424,2.244245
9.710465884,596.2082305,0,220.48989706,177.673760147,77.22492195
23.40111,56.9021,0,29.13093,2.003666,4.691766
72.203001,2318.9047485,0,497.678138383,1038.61363007,665.364244
0.01216,112.452602,0,15.2891685215,4.31872507,34.603335
0,0,0,0,0,0
0,0,0,0,0,0
0,0,0,0,0,0
0,0,0,0,0,0
0.181545,359.14938,0,6.8863309,107.2216784,67.241838
0,0,0,0,0,0
3.767172,923.8417610005,0,166.55052233995,411.135598040693,48.6063525308
0,0,0,0,0,0
0,0,0,0,0,0
44.918421,1820.913778,0,336.768232,3264.2826622,1741.197258
419.8384997,4035.9754282,0,1092.52841957748,2635.6515521,1754.5078383
0,0,0,0,0,0
0,0,0,0,0,0
0,0,0,0,0,0
0,30.4724844,0,0.9964053,11.3756577,2.0804601
136.6821,123.2673575,0,103.1278115,98.6022265,34.2319524
3.6676587,315.97795,0,55.83942707159,819.7319205,279.12134589
0,0,0,0,0,0
0,0,0,0,0,0
0,10.239075,0,2.4195268,1.5350412,15.5993308
0.6267404,1869.561145,0,87.1411719542,6410.304021,16.688001
0,0,0,0,0,0
0,0,0,0,0,0
111.632669,1034.58,0,72.07263243,12.9934,391.0879
0,0,0,0,0,0
0,0,0,0,0,0
8.033766,2225.6005,0,255.5361932258,176.718863,185.0958109
0,0,0,0,0,0
44.810458,1883.6942195,0,398.13434909,6550.3288781,45.6612598
0,0,0,0,0,0
0,0,0,0,0,0
0,0,0,0,0,0
0,0,0,0,0,0
0,0,0,0,0,0
81.51773,1612.75254,0,563.489716,2621.180541,1335.774011
0,0,0,0,0,0
0,0,0,0,0,0
0,0,0,0,0,0
0,0,0,0,0,0
0,19.4,0,3.3,4.6,3.14
0,0,0,0,0,0
0,0,0,0,0,0
0,0,0,0,0,0
0,0,0,0,0,0
0,0,0,0,0,0
0,0,0,0,0,0
0,0,0,0,0,0
0,0,0,0,0,0
0,0,0,0,0,0
0,0,0,0,0,0
0,0,0,0,0,0
0,0,0,0,0,0
0,0,0,0,0,0
0,0,0,0,0,0
0,0,0,0,0,0
0,0,0,0,0,0
0,0,0,0,0,0
0,0,0,0,0,0
0,0,0,0,0,0
0,0,0,0,0,0
0,0,0,0,0,0
0,0,0,0,0,0
0,0,0,0,0,0
0,0,0,0,0,0
0,0,0,0,0,0
0,0,0,0,0,0
0,0,0,0,0,0
0,0,0,0,0,0
0,0,0,0,0,0
0,0,0,0,0,0
0,0,0,0,0,0
0,0,0,0,0,0
0,0,0,0,0,0
0,0,0,0,0,0
0,0,0,0,0,0
0,0,0,0,0,0
0,0,0,0,0,0
0,0,0,0,0,0
0,0,0,0,0,0
0,0,0,0,0,0
0,0,0,0,0,0
0,0,0,0,0,0
0,0,0,0,0,0
0,0,0,0,0,0
0,0,0,0,0,0
0,33.4,0,5.915142,0.2,0.1
0,0,0,0,0,0
0,0,0,0,0,0
0,0,0,0,0,0
0,0,0,0,0,0
0,0,0,0,0,0
0,0,0,0,0,0
0,0,0,0,0,0
0,0,0,0,0,0
0,0,0,0,0,0
0,0,0,0,0,0
0,0,0,0,0,0
0,0,0,0,0,0
0,0,0,0,0,0
0,27.1,0,8.9,0,28
0,0,0,0,0,0
0,0,0,0,0,0
0,0,0,0,0,0
0,0,0,0,0,0
0,0,0,0,0,0
0,0,0,0,0,0
0,0,0,0,0,0
0,0,0,0,0,0
0,0,0,0,0,0
0,0,0,0,0,0
0,0,0,0,0,0
0,0,0,0,0,0
0,0,0,0,0,0
0,0,0,0,0,0
0,0,0,0,0,0
0,0,0,0,0,0
0,0,0,0,0,0
0,0,0,0,0,0
0,0,0,0,0,0
0,0,0,0,0,0
0,0,0,0,0,0
0,0,0,0,0,0
0,0,0,0,0,0
0,0,0,0,0,0
0,0,0,0,0,0
0,0,0,0,0,0
0,0,0,0,0,0
0,0,0,0,0,0
0,0,0,0,0,0
0,0,0,0,0,0
0,0,0,0,0,0
0,0,0,0,0,0
0,0,0,0,0,0
0,0,0,0,0,0
0,0,0,0,0,0
0,0,0,0,0,0
0,0,0,0,0,0
0,0,0,0,0,0
0,0,0,0,0,0
0,0,0,0,0,0
0,0,0,0,0,0
0,0,0,0,0,0
0,0,0,0,0,0
0,0,0,0,0,0
0,0,0,0,0,0
0,0,0,0,0,0
0,0,0,0,0,0
0,0,0,0,0,0
0,0,0,0,0,0
0,0,0,0,0,0
0,0,0,0,0,0
0,0,0,0,0,0
0,0,0,0,0,0
0,0,0,0,0,0
0,0,0,0,0,0
0,0,0,0,0,0
0,0,0,0,0,0
0,0,0,0,0,0
0,0,0,0,0,0
0,0,0,0,0,0
0,0,0,0,0,0
0,0,0,0,0,0
0,0,0,0,0,0
0,0,0,0,0,0
0,0,0,0,0,0
0,0,0,0,0,0
0,0,0,0,0,0
0,0,0,0,0,0
0,0,0,0,0,0
0,0,0,0,0,0
0,0,0,0,0,0
0,0,0,0,0,0
0,0,0,0,0,0
0,0,0,0,0,0
0,0,0,0,0,0
0,0,0,0,0,0
0,0,0,0,0,0
0,0,0,0,0,0
0,0,0,0,0,0
0,0,0,0,0,0
0,0,0,0,0,0
0,0,0,0,0,0
0,0,0,0,0,0
0,0,0,0,0,0
0,0,0,0,0,0
0,0,0,0,0,0
0,0,0,0,0,0
0,0,0,0,0,0
0,0,0,0,0,0
0,0,0,0,0,0
0,0,0,0,0,0
0,0,0,0,0,0
0,0,0,0,0,0
0,0,0,0,0,0
0,0,0,0,0,0
0,0,0,0,0,0
0,0,0,0,0,0
0,0,0,0,0,0
0,0,0,0,0,0
0,0,0,0,0,0
0,0,0,0,0,0
0,0,0,0,0,0
30.5396,2353.99,0,74.2421682,6909.49,51.5697
0,0,0,0,0,0
0,0,0,0,0,0
0,0,0,0,0,0
91.690722,738.9725,0,103.72262143,13.5241,48.205449
0,0,0,0,0,0
0,0,0,0,0,0
0,0,0,0,0,0
9.848068,1070.6383,0,112.7490705882,655.5822,152.0077
0,0,0,0,0,0
0,0,0,0,0,0
46.8233,241.723,0,61.90474,8.0162,1.4298
0,0,0,0,0,0
83.645,359.441,0,50.24,11.596,11.314
0,0,0,0,0,0
0,0,0,0,0,0
0,0,0,0,0,0
0,0,0,0,0,0
0,0,0,0,0,0
0,0,0,0,0,0
0,0,0,0,0,0
0,0,0,0,0,0
0,0,0,0,0,0
0,0,0,0,0,0
1.0476,51.2,0,0,0.2,0.8808
0,0,0,0,0,0
0,0,0,0,0,0
0,0,0,0,0,0
0,0,0,0,0,0
74.5234,582.7822,0,118.0411,15.1717,63.1413
3.390898,105.4011,0,8.2026,0.9502,5.9717
0,0,0,0,0,0
0,0,0,0,0,0
0,0,0,0,0,0
0,0,0,0,0,0
0,0,0,0,0,0
0,0,0,0,0,0
0,0,0,0,0,0
0,0,0,0,0,0
39.4017,3722.9971,0,137.3961176504,76.7247,112.1048
0,0,0,0,0,0
0,0,0,0,0,0
0,0,0,0,0,0
0,0,0,0,0,0
0,0,0,0,0,0
0,0,0,0,0,0
0,0,0,0,0,0
0,0,0,0,0,0
0,0,0,0,0,0
0,0,0,0,0,0
4.916271,139.2936,0,33.5653,3.5512,19.8353
0,0,0,0,0,0
0,0,0,0,0,0
0,0,0,0,0,0
0,0,0,0,0,0
0,0,0,0,0,0
0,0,0,0,0,0
0,0,0,0,0,0
0,0,0,0,0,0
0,0,0,0,0,0
0,0,0,0,0,0
114.7284,531.396,0,165.6315,10.93,43.8292
0,0,0,0,0,0
56.1782,3616.7031,0,671.5397000006,3845.1463,440.7869
0,84.76,0,2.1253,0.0577,1.0728
0,0,0,0,0,0
0,0,0,0,0,0
0,0,0,0,0,0
17.8945,5.1917,0,2.919831,0.2641,1.9822
0,0,0,0,0,0
0,0,0,0,0,0
0,0,0,0,0,0
17.329003,4802.6602,0,1533.67287277,43980.7968,133.9942
0,0,0,0,0,0
95.5208,522.0873,0,55.3146,8.9309,6.5415
0,0,0,0,0,0
0,0,0,0,0,0
0,0,0,0,0,0
0,0,0,0,0,0
0,0,0,0,0,0
0,0,0,0,0,0
44.079,3271.7,0,234.603,16934,57.9398
0,0,0,0,0,0
2.5814,935.8337,0,46.834110807,1720.511,55.6742
0,0,0,0,0,0
3.3182686,146.9,0,7.88,0.636,5.8467
0,0,0,0,0,0
179.8806,861.6965,0,167.7006,17.6828,24.1708
0,0,0,0,0,0
0,0,0,0,0,0
0,0,0,0,0,0
0,0,0,0,0,0
0,0,0,0,0,0
0,27.795,0,12.6114,0.5685,3.7338
241.0808,1001.6224,0,260.944408936,24.43,78.9158
94.9253,377.0044,0,75.619127663,7.8485,15.8018
0,0,0,0,0,0
0,0,0,0,0,0
7.3601,120.9188,0,77.0283,5.4243,13.5552
0,0,0,0,0,0
0,0,0,0,0,0
156.514,729.2129,0,194.7244,17.0454,13.4983
0,0,0,0,0,0
0,0,0,0,0,0
56.9001,346.6969,0,115.3002,9.0897,0.6744
0,0,0,0,0,0
0,0,0,0,0,0
6.83829,154.3952,0,9.1682,0.7182,5.6659
0,0,0,0,0,0
0,0,0,0,0,0
9.2,488.3,0,69.4,74.8,32.4175
0,0,0,0,0,0
16.92,239.52,0,61.42701,13.6,10.695
0,0,0,0,0,0
68.3392,1803.9075,0,420.280191333,59.1421,298.4703
0,0,0,0,0,0
31.2914,1923.0995,0,458.91016179,271.7143,1717.2028
0,0,0,0,0,0
0,0,0,0,0,0
0,0,0,0,0,0
0,0,0,0,0,0
0,0,0,0,0,0
205.6904,1024.2706,0,146.1217,19.1471,43.5079
0,0,0,0,0,0
0,0,0,0,0,0
0,0,0,0,0,0
0,0,0,0,0,0
0,0,0,0,0,0
0,0,0,0,0,0
0,0,0,0,0,0
0,0,0,0,0,0
0,0,0,0,0,0
136.00917,817.6785,0,87.77887,12.8455,59.7491
0,0,0,0,0,0
0,0,0,0,0,0
0,0,0,0,0,0
0,0,0,0,0,0
0,0,0,0,0,0
0,0,0,0,0,0
0,0,0,0,0,0
0,0,0,0,0,0
0,0,0,0,0,0
0,0,0,0,0,0
52.5104,35.0636,0,54.0176,3.4,16.1402
0,0,0,0,0,0
0,0,0,0,0,0
0,0,0,0,0,0
0,0,0,0,0,0
50.6,1586.488,0,224.4877,2647.712,53.487
0,0,0,0,0,0
0,0,0,0,0,0
14.18421,493.45,0,34.13,3.4517,25.44
0,0,0,0,0,0
0,0,0,0,0,0
0,0,0,0,0,0
0,0,0,0,0,0
0,0,0,0,0,0
0,0,0,0,0,0
0,0,0,0,0,0
72.1826,2865.5188,0,1715.9675,24202.5,78.845
0,0,0,0,0,0
0.863265,42.7941,0,2.1524,6.9459,3.403
0,0,0,0,0,0
0,0,0,0,0,0
0,0,0,0,0,0
0,0,0,0,0,0
0,0,0,0,0,0
3.4777,102.9187,0,35.8262,5.3013,5.7387
0,0,0,0,0,0
12.7759,266.9695,0,108.8277,11.4427,28.9276
0,0,0,0,0,0
85.88659,637.7947,0,176.550164,75.3046,717.6336
0,0,0,0,0,0
0,0,0,0,0,0
79.77922,3028.97,0,188.48,14.93,136.579
4.063974,145.96,0,7.58,3.32,10.743
0,0,0,0,0,0
0,0,0,0,0,0
0,0,0,0,0,0
0,0,0,0,0,0
0,0,0,0,0,0
9.26778,365.1044,0,23.2415836,1.8098,16.3977
0,0,0,0,0,0
0,0,0,0,0,0
0,0,0,0,0,0
0,0,0,0,0,0
0,0,0,0,0,0
0,0,0,0,0,0
0,0,0,0,0,0
0,0,0,0,0,0
0,0,0,0,0,0
41.5666,6814.74,0,1194.32415353,13166.1532,58.7542
0,0,0,0,0,0
0,0,0,0,0,0
81.455,401.6146,0,78.8848,7.6259,19.5777
0,0,0,0,0,0
0,0,0,0,0,0
0,62.3766,0,27.114,1.2197,6.3254
92.2874,488.0124,0,126.1684171,9.078,4.5149
0,0,0,0,0,0
0,0,0,0,0,0
0,0,0,0,0,0
0,0,0,0,0,0
0,0,0,0,0,0
0,0,0,0,0,0
0,0,0,0,0,0
0,0,0,0,0,0
0,0,0,0,0,0
0,0,0,0,0,0
0,0,0,0,0,0
0,0,0,0,0,0
0,0,0,0,0,0
0,0,0,0,0,0
0,0,0,0,0,0
0,0,0,0,0,0
0,0,0,0,0,0
0,0,0,0,0,0
0,0,0,0,0,0
75.4412,7562.503,0,227.522441472,18224.7,65.89
0,0,0,0,0,0
7.89,72.181,0,16.0303,2.8033,6.9262
0,0,0,0,0,0
0,0,0,0,0,0
0,0,0,0,0,0
0,0,0,0,0,0
0,0,0,0,0,0
0,0,0,0,0,0
0,0,0,0,0,0
10.6508,50,0,16.81096,1.525,26.2875
0,0,0,0,0,0
0,0,0,0,0,0
0,0,0,0,0,0
0,0,0,0,0,0
4.36,7.52,0,4.42,0.43,1.4116
5.1581,152.6488,0,45.3039,4.0346,1.8765
0,0,0,0,0,0
0,0,0,0,0,0
30.8546,6316.814,0,60.34451,3505.8,11.026
0,0,0,0,0,0
0,0,0,0,0,0
0,0,0,0,0,0
0,0,0,0,0,0
29.9653,266.853,0,43.3978,8.244,54.7098
0,0,0,0,0,0
56.4336,337.957,0,69.34869,5.4677,20.1683
0,0,0,0,0,0
0,0,0,0,0,0
0,0,0,0,0,0
0,0,0,0,0,0
1.9184,156.7717,0,40.51233,135.0088,31.7172
0,0,0,0,0,0
0.1452,348.9404,0,40.5989,1054.8101,11.848
0,0,0,0,0,0
0,0,0,0,0,0
0,0,0,0,0,0
0,0,0,0,0,0
0,0,0,0,0,0
0,0,0,0,0,0
0,0,0,0,0,0
82.2749,104.6465,0,117.5279,5.6882,19.9208
0,0,0,0,0,0
0,0,0,0,0,0
3.363,1256.5887,0,19.0301,132.0901,45.9373
0,0,0,0,0,0
0,0,0,0,0,0
22.9204,655.8206,0,530.8232,1414.5565,272.2021
0,0,0,0,0,0
0,0,0,0,0,0
0,0,0,0,0,0
0,0,0,0,0,0
0,0,0,0,0,0
0,0,0,0,0,0
147.042,238.5617,0,56.4849,10.2311,37.3194
0,0,0,0,0,0
0,0,0,0,0,0
0,0,0,0,0,0
0,0,0,0,0,0
0,0,0,0,0,0
0,0,0,0,0,0
0,0,0,0,0,0
16.6166,153.57,0,1.15,1.61,19
0,0,0,0,0,0
0,0,0,0,0,0
0,0,0,0,0,0
0,0,0,0,0,0
0,0,0,0,0,0
0,0,0,0,0,0
0,0,0,0,0,0
0,0,0,0,0,0
0,0,0,0,0,0
0,0,0,0,0,0
0,0,0,0,0,0
0,0,0,0,0,0
0,0,0,0,0,0
0,0,0,0,0,0
0,0,0,0,0,0
0,0,0,0,0,0
0,0,0,0,0,0
0,0,0,0,0,0
0,0,0,0,0,0
0,0,0,0,0,0
0,0,0,0,0,0
0,0,0,0,0,0
0,0,0,0,0,0
0,0,0,0,0,0
0,0,0,0,0,0
0,0,0,0,0,0
0,0,0,0,0,0
0,0,0,0,0,0
0,0,0,0,0,0
0,0,0,0,0,0
0,0,0,0,0,0
0,0,0,0,0,0
0,0,0,0,0,0
0,0,0,0,0,0
0,0,0,0,0,0
0,0,0,0,0,0
0,0,0,0,0,0
0,0,0,0,0,0
0,0,0,0,0,0
0,0,0,0,0,0
0,0,0,0,0,0
0,0,0,0,0,0
0,0,0,0,0,0
0,0,0,0,0,0
0,0,0,0,0,0
0,0,0,0,0,0
0,0,0,0,0,0
0,0,0,0,0,0
0,0,0,0,0,0
0,0,0,0,0,0
0,0,0,0,0,0
0,0,0,0,0,0
0,0,0,0,0,0
0,0,0,0,0,0
0,0,0,0,0,0
0,0,0,0,0,0
0,0,0,0,0,0
0,0,0,0,0,0
0,0,0,0,0,0
0,0,0,0,0,0
0,0,0,0,0,0
0,0,0,0,0,0
0,0,0,0,0,0
0,0,0,0,0,0
0,0,0,0,0,0
0,0,0,0,0,0
0,0,0,0,0,0
0,0,0,0,0,0
0,0,0,0,0,0
0,0,0,0,0,0
0,0,0,0,0,0
0,0,0,0,0,0
0,0,0,0,0,0
0,0,0,0,0,0
0,0,0,0,0,0
0,0,0,0,0,0
0,0,0,0,0,0
0,0,0,0,0,0
0,0,0,0,0,0
0,0,0,0,0,0
0,0,0,0,0,0
0,0,0,0,0,0
0,0,0,0,0,0
0,0,0,0,0,0
0,0,0,0,0,0
0,0,0,0,0,0
0,0,0,0,0,0
0,0,0,0,0,0
0,0,0,0,0,0
0,0,0,0,0,0
0,0,0,0,0,0
0,0,0,0,0,0
0,0,0,0,0,0
0,0,0,0,0,0
0,0,0,0,0,0
0,0,0,0,0,0
0,0,0,0,0,0
0,0,0,0,0,0
0,0,0,0,0,0
0,0,0,0,0,0
0,0,0,0,0,0
0,0,0,0,0,0
0,0,0,0,0,0
0,0,0,0,0,0
0,0,0,0,0,0
0,0,0,0,0,0
0,0,0,0,0,0
0,0,0,0,0,0
0,0,0,0,0,0
0,0,0,0,0,0
0,0,0,0,0,0
0,0,0,0,0,0
0,0,0,0,0,0
0,0,0,0,0,0
0,0,0,0,0,0
0,0,0,0,0,0
0,0,0,0,0,0
0,0,0,0,0,0
0,0,0,0,0,0
0,0,0,0,0,0
0,0,0,0,0,0
0,0,0,0,0,0
0,0,0,0,0,0
0,0,0,0,0,0
0,0,0,0,0,0
0,0,0,0,0,0
0,0,0,0,0,0
0,0,0,0,0,0
0,0,0,0,0,0
0,0,0,0,0,0
0,0,0,0,0,0
0,0,0,0,0,0
0,0,0,0,0,0
0,0,0,0,0,0
0,0,0,0,0,0
0,0,0,0,0,0
0,0,0,0,0,0
0,0,0,0,0,0
0,0,0,0,0,0
0,0,0,0,0,0
0,0,0,0,0,0
0,0,0,0,0,0
0,0,0,0,0,0
0,0,0,0,0,0
0,0,0,0,0,0
0,0,0,0,0,0
0,0,0,0,0,0
0,0,0,0,0,0
0,0,0,0,0,0
0,0,0,0,0,0
1.378,64.298,0,26.6914,3.0912,0.0427
0,0,0,0,0,0
153.23,3338.072,0,340.45895,586.9601,685.4215
0,0,0,0,0,0
0,0,0,0,0,0
0,0,0,0,0,0
0,0,0,0,0,0
0,0,0,0,0,0
3.6905,59.6,0,15.37,1.46,1.6
0,0,0,0,0,0
39,494,0,210,79,52
0,0,0,0,0,0
0,0,0,0,0,0
0,0,0,0,0,0
6.3,30.58,0,21.76,2.75,128.270005
1.4665,91.2487,0,75.5297,4.701,13.1239
0,0,0,0,0,0
0,0,0,0,0,0
0,0,0,0,0,0
0,0,0,0,0,0
0,0,0,0,0,0
5.7,996.3525,0,175.752,262.971,60.5285
0,0,0,0,0,0
1.435,143.67,0,5.45,1.00035,3.67
0,0,0,0,0,0
0,0,0,0,0,0
0,0,0,0,0,0
0,388.13,0,15.2,3.71,13.02
0,0,0,0,0,0
0,0,0,0,0,0
37.4,742.83,0,114.19,186.36,1547.78
9.8,123.6,0,14.2,4.4,0.02
0,0,0,0,0,0
0,0,0,0,0,0
0,0,0,0,0,0
7.54264,1263.8021925548,0,67.37380352656,793.629246999728,37.3444080225
0,0,0,0,0,0
0,10.993443,0,4.44066097,0.063147872,1.0451542
5.3005972235,519.35067565,0,55.8698322455,366.71549874,120.687494167
0,0,0,0,0,0
0,0,0,0,0,0
0,0,0,0,0,0
0,0,0,0,0,0
0,0,0,0,0,0
0,0,0,0,0,0
0,0,0,0,0,0
0,0,0,0,0,0
0,0,0,0,0,0
0,309.88035,0,15.7079862,1.0435925,24.3071527
0,0,0,0,0,0
0,0,0,0,0,0
0,0,0,0,0,0
0,0,0,0,0,0
0.4357,3635.5772,0,135.969927,12010.5671,28.2864
0,0,0,0,0,0
0,0,0,0,0,0
0,0,0,0,0,0
0,0,0,0,0,0
0,0,0,0,0,0
20.94869,1956.8143,0,408.00699,7433.37026,12.19792
0,0,0,0,0,0
0,0,0,0,0,0
0,0,0,0,0,0
0,0,0,0,0,0
0.1947398,2189.751,0,123.37220962,2428.73092386,6.264321
0,0,0,0,0,0
0,0,0,0,0,0
0,0,0,0,0,0
0,0,0,0,0,0
0,0,0,0,0,0
0.000347,12953.236408,0,1037.52554403,13737.77183622,105.65463095
0,0,0,0,0,0
0,0,0,0,0,0
0,0,0,0,0,0
0,0,0,0,0,0
0,0,0,0,0,0
0,0,0,0,0,0
0,0,0,0,0,0
0,0,0,0,0,0
0,0,0,0,0,0
0,136.523445,0,100.22618665005,18.5441078,61.439825
0,0,0,0,0,0
0,0,0,0,0,0
0,89.78628,0,13.39212909,0.839955622,2.88250982
0,0,0,0,0,0
0,0,0,0,0,0
0,0,0,0,0,0
0,0,0,0,0,0
0,0,0,0,0,0
0,0,0,0,0,0
0,0,0,0,0,0
0,0,0,0,0,0
0,0,0,0,0,0
4.81377126,4254.445289,0,132.4660654175,13370.43335304,187.23774071
0,0,0,0,0,0
0,0,0,0,0,0
0,0,0,0,0,0
0,39.2,0,3.34360797,0.516,1.2869275
0,0,0,0,0,0
0,0,0,0,0,0
0,0,0,0,0,0
5.5748632,65.31331,0,14.2077132,1.314726365,10.5839307
0,0,0,0,0,0
0,0,0,0,0,0
0,0,0,0,0,0
0,0,0,0,0,0
0,0,0,0,0,0
0,0,0,0,0,0
0,0,0,0,0,0
0,0,0,0,0,0
0.104596225,1724.98,0,73.857387958,3513.43,36.3709
0,0,0,0,0,0
0,0,0,0,0,0
0,0,0,0,0,0
0,0,0,0,0,0
0,0,0,0,0,0
13.5375,25.78379783,0,1.9562543875,1.99758728,3.0002323
0,0,0,0,0,0
647.178731,2442.21505,0,26.962027515,1311.5442537,125.973732
0.440406,15.58125,0,27.33183,0.0934873,0.8533329
0,0,0,0,0,0
0,0,0,0,0,0
0,0,0,0,0,0
0.7598951,1656.039122,0,73.581829850541,4940.556214335,416.24666628
0,0,0,0,0,0
1.47532,142.1855,0,12.42021,2.010235,3.485705
2.3619487,50.6921475,0,2.91709235,0.446197345,0.913424715
0,0,0,0,0,0
0,0,0,0,0,0
3.82605925,1465.30976925,0,25.9842217985,3398.2526408,132.12885982
0,0,0,0,0,0
0,0,0,0,0,0
0,0,0,0,0,0
40.174952,1784.033259,0,167.9122676858,7619.3107685,294.89834806
0,0,0,0,0,0
0,0,0,0,0,0
0,0,0,0,0,0
0,0,0,0,0,0
0,0,0,0,0,0
0,0,0,0,0,0
0,0,0,0,0,0
0,0,0,0,0,0
11.20226,57.5925,0,17.19752,3.70678815,1.54852
0,0,0,0,0,0
0,0,0,0,0,0
0,0,0,0,0,0
0,0,0,0,0,0
0,0,0,0,0,0
0,0,0,0,0,0
0,0,0,0,0,0
0,0,0,0,0,0
0,0,0,0,0,0
0,0,0,0,0,0
0,0,0,0,0,0
0,0,0,0,0,0
0,37.353515,0,2.677634,2.689638,1.66320305
0,0,0,0,0,0
0,0,0,0,0,0
0,0,0,0,0,0
1.923369,10.5482,0,1.5301,0.179,0.08294
19.2048603,1018.03593075,0,25.8920383066,2954.7347873,158.71625922
0,0,0,0,0,0
0,0,0,0,0,0
39.0759,4021.2685,0,94.277262,3467.5265,58.8779
0,0,0,0,0,0
0,0,0,0,0,0
0,0,0,0,0,0
0,0,0,0,0,0
0,0,0,0,0,0
0,0,0,0,0,0
0,0,0,0,0,0
0,0,0,0,0,0
0,108.2,0,0,0,3.95
0,0,0,0,0,0
0,0,0,0,0,0
0,0,0,0,0,0
0,0,0,0,0,0
0,0,0,0,0,0
0,0,0,0,0,0
0,421.253118,0,17.15739,753.72,2.30175
0,0,0,0,0,0
0,49.1943,0,0.73,0,1.9314
0,0,0,0,0,0
0,0,0,0,0,0
